loc_level,region_prov_name,utci_thres,year_1990,year_2020,cdf_percpoint_chg,cdf_percent_chg
region,Central,-40,0.9999822359443042,0.9999569493612068,-2.5286583097416937e-5,-2.5287032297667054e-5
region,Eastern,-40,0.9999316131935208,0.9998868313333192,-4.478186020151487e-5,-4.4784922899370373e-05
region,Northeastern,-40,0.9959998652284132,0.9980477265162592,0.0020478612878459534,0.002056085908582243
region,Western,-40,0.9994975331709872,0.9996298730941996,1.3233992321237675e-4,1.3240645306298815e-4
region,Central,-39,0.9999713768423328,0.9999452348190184,-2.6142023314412732e-5,-2.6142771603086185e-5
region,Eastern,-39,0.9999113443173522,0.9998595535687206,-5.179074863159716e-5,-5.179534058287451e-5
region,Northeastern,-39,0.994203179403228,0.997109778099318,0.0029065986960900014,0.0029235459675704236
region,Western,-39,0.999317674620815,0.999510270419952,1.9259579913699643e-4,1.9272730186632167e-4
region,Central,-38,0.9999594326156762,0.9999286770186752,-3.0755597001053125e-5,-3.07568447257937e-5
region,Eastern,-38,0.999884884176102,0.9998243476494116,-6.053652669035792e-5,-6.05434962048052e-5
region,Northeastern,-38,0.9918846623225536,0.9958550800880862,0.003970417765532641,0.004002902672409194
region,Western,-38,0.9990891716560416,0.9993540645832768,2.648929272351941e-4,2.651344191791414e-4
region,Central,-37,0.9999427970815536,0.9999081250408436,-3.4672040710059804e-5,-3.467402416543635e-5
region,Eastern,-37,0.9998517570810592,0.9997850949314688,-6.666214959039074e-5,-6.667203324721103e-5
region,Northeastern,-37,0.9888245158275044,0.9941050997216224,0.005280583894118007,0.005340263929135005
region,Western,-37,0.9987970575818672,0.9991538764023528,3.5681882048554936e-4,3.572485699441525e-4
region,Central,-36,0.999918331627784,0.9998848555303892,-3.347609739479118e-5,-3.347883155646809e-5
region,Eastern,-36,0.9998091003343073,0.9997352128648248,-7.388746948244762e-5,-7.390157726884241e-5
region,Northeastern,-36,0.9849033433617655,0.991800127919958,0.006896784558192426,0.007002498879384109
region,Western,-36,0.9984275909168492,0.9989033453490668,4.7575443221758995e-4,4.7650369094939365e-4
region,Central,-35,0.9998777957222048,0.9998557852979196,-2.2010424285179297e-05,-2.2013114381924363e-5
region,Eastern,-35,0.9997569427134706,0.9996759286479858,-8.101406548477463e-5,-8.1033761330921e-5
region,Northeastern,-35,0.980219656124541,0.989016110846319,0.008796454721778035,0.008973962791723909
region,Western,-35,0.9979652859971344,0.9985927558035522,6.27469806417813e-4,6.287491310791092e-4
region,Central,-34,0.9998322260440302,0.9998205879835556,-1.1638060474661316e-5,-1.164001336575123e-5
region,Eastern,-34,0.9996787203208352,0.9995995701888656,-7.915013196957421e-5,-7.917556947113159e-5
region,Northeastern,-34,0.974694370793476,0.9855929548775184,0.010898584084042429,0.011181539988960995
region,Western,-34,0.9974029926909485,0.9982086509584012,8.056582674527135e-4,8.077560157294934e-4
region,Central,-33,0.9997681672813412,0.9997756207002724,7.45341893115814e-6,7.4551472782196515e-6
region,Eastern,-33,0.9995859353856836,0.9995111789371722,-7.475644851140384e-5,-7.47874153336897e-5
region,Northeastern,-33,0.968325886297188,0.9813550595948746,0.013029173297686603,0.013455359896975667
region,Western,-33,0.9967461226060496,0.9977297812593824,9.836586533328306e-4,9.868698066875835e-4
region,Central,-32,0.9996864036495312,0.9997171906276756,3.0786978144403676e-5,3.0796635857015154e-5
region,Eastern,-32,0.9994660376414536,0.999394549760524,-7.148788092958824e-5,-7.152607316031048e-5
region,Northeastern,-32,0.96121686157317,0.9762406951370108,0.01502383356384085,0.015630014583027787
region,Western,-32,0.9959602969717908,0.9971518352602464,0.0011915382884556402,0.0011963712731104872
region,Central,-31,0.9995794354390172,0.9996500454956332,7.061005661601616e-5,7.063976519785453e-5
region,Eastern,-31,0.9992975908678072,0.9992579087492148,-3.968211859239901e-5,-3.9710011266952395e-5
region,Northeastern,-31,0.9534345991674442,0.9702690462524608,0.01683444708501658,0.017656635389272337
region,Western,-31,0.9950492072240924,0.9964718676723192,0.001422660448226809,0.0014297387886933067
region,Central,-30,0.999439264605862,0.999566398458778,1.271338529160726e-4,1.2720518136358092e-4
region,Eastern,-30,0.9990954935805444,0.9990953603794764,-1.3320106795333686e-7,-1.333216582490756e-7
region,Northeastern,-30,0.945185700049908,0.9634439933491696,0.018258293299261652,0.019317149316052468
region,Western,-30,0.9940066159005948,0.9956595608300072,0.00165294492941237,0.0016629113961326711
region,Central,-29,0.9992496773717232,0.9994518029011068,2.0212552938358996e-4,2.0227730262093325e-4
region,Eastern,-29,0.9988328577054808,0.9989059171723134,7.305946683255904e-5,7.314483726575762e-5
region,Northeastern,-29,0.936405304154202,0.9556248011460384,0.01921949699183645,0.020524763055668777
region,Western,-29,0.9928270182933692,0.9947095803105686,0.001882562017199385,0.0018961631608650574
region,Central,-28,0.999000451374098,0.999314799218761,3.143478446629988e-4,3.146623649975552e-4
region,Eastern,-28,0.9985142626804708,0.9986842194448962,1.6995676442532748e-4,1.7020965125634307e-4
region,Northeastern,-28,0.927149193536822,0.9469424620057674,0.019793268468945358,0.021348525789511203
region,Western,-28,0.9914929035790492,0.9936009488396916,0.002108045260642455,0.002126132474607657
region,Central,-27,0.998686663051645,0.9991490098126392,4.6234676099421446e-4,4.6295477660775083e-4
region,Eastern,-27,0.998124351773993,0.9984200461638258,2.956943898329012e-4,2.9625005071497927e-4
region,Northeastern,-27,0.9174752208949816,0.9373185768169672,0.019843355921985606,0.021628219999913184
region,Western,-27,0.989991239990949,0.9923296218335445,0.002338381842595494,0.002362022761551782
region,Central,-26,0.9983259260422844,0.998935486316139,6.095602738546146e-4,6.105824340064234e-4
region,Eastern,-26,0.9976483339168564,0.998099225809225,4.5089189236868776e-4,4.5195473899950896e-4
region,Northeastern,-26,0.90756858791668,0.926955592817619,0.01938700490093892,0.02136147632152156
region,Western,-26,0.9882871861375296,0.990880127102302,0.002592940964772361,0.00262367154117035
region,Central,-25,0.9978932016525192,0.9986811416189983,7.879399664791897e-4,7.896035018320145e-4
region,Eastern,-25,0.997063868568174,0.9976961931115852,6.323245434112224e-4,6.341865986170648e-4
region,Northeastern,-25,0.8973472104252002,0.9162039756647754,0.018856765239575246,0.021013900773860023
region,Western,-25,0.9864223918281136,0.9892503830616752,0.0028279912335615887,0.002866917110752665
region,Central,-24,0.9973723552174372,0.9983760300610716,0.0010036748436343945,0.0010063190927480472
region,Eastern,-24,0.9963765823305596,0.99718943935525,8.12857024690361e-4,8.158130561329132e-4
region,Northeastern,-24,0.8867858325910859,0.9051981380564088,0.01841230546532291,0.020762967549362257
region,Western,-24,0.9843452572381608,0.9874503793947814,0.003105122156620621,0.003154505122859897
region,Central,-23,0.9967482356782972,0.9980117355884088,0.001263499910111654,0.0012676219178374864
region,Eastern,-23,0.9955528031287408,0.9965575704071205,0.0010047672783796147,0.001009255636890294
region,Northeastern,-23,0.8759344505807177,0.893831422541592,0.017896971960874253,0.02043186216618048
region,Western,-23,0.982062759726345,0.9854212143014196,0.0033584545750745542,0.0034197962826840096
region,Central,-22,0.9960220000153446,0.9975466432531384,0.0015246432377937769,0.0015307324916219605
region,Eastern,-22,0.9945588804483614,0.9957778756143404,0.0012189951659790088,0.001225664151155604
region,Northeastern,-22,0.8649912677874516,0.8821602267810236,0.01716895899357196,0.019848707880587263
region,Western,-22,0.9795648305982686,0.9831863996036126,0.0036215690053440497,0.003697120284659647
region,Central,-21,0.9951269066593492,0.9969473297192298,0.001820423059880616,0.0018293375927215091
region,Eastern,-21,0.9933664902554684,0.9948489085734368,0.0014824183179683592,0.0014923176214521985
region,Northeastern,-21,0.8537646506521513,0.8701844798742044,0.016419829222053095,0.01923226642085819
region,Western,-21,0.9768222418434046,0.9807498380361326,0.003927596192727978,0.004020789069376672
region,Central,-20,0.9940660050735232,0.9962186484186978,0.0021526433451746207,0.0021654933718565366
region,Eastern,-20,0.9918968475213384,0.993732997189354,0.0018361496680155964,0.0018511498172455838
region,Northeastern,-20,0.8422070400444135,0.8578999181322646,0.015692878087851136,0.01863304073903678
region,Western,-20,0.9738652849189524,0.97806912613604,0.004203841217087612,0.004316655786161909
region,Central,-19,0.9928267714241946,0.995324018563302,0.0024972471391073725,0.002515289888411359
region,Eastern,-19,0.9900832396676592,0.992333389993694,0.0022501503260348166,0.002272688028523868
region,Northeastern,-19,0.8303777056149724,0.8454531140944253,0.015075408479452879,0.01815488105896115
region,Western,-19,0.9706977708106302,0.975162416103331,0.004464645292700742,0.004599418507958779
region,Central,-18,0.9913152492357128,0.9942303450792414,0.002915095843528559,0.0029406345214360906
region,Eastern,-18,0.9877998005343034,0.9905577652072292,0.0027579646729257723,0.002792027971086836
region,Northeastern,-18,0.8182514850384006,0.8324770002748936,0.014225515236492958,0.017385260517828884
region,Western,-18,0.9672920091379936,0.9720133008081948,0.004721291670201189,0.0048809373235788305
region,Central,-17,0.9894710841483552,0.9928707968405702,0.0033997126922150622,0.0034358888770774127
region,Eastern,-17,0.9848958928046484,0.9882882657212504,0.0033923729166019934,0.0034443974651388477
region,Northeastern,-17,0.8054898628444419,0.8188206353368952,0.013330772492453291,0.01654989479988994
region,Western,-17,0.9636217127751008,0.9685441652121805,0.004922452437079672,0.00510828302415859
region,Central,-16,0.9872108954145564,0.991187528526452,0.003976633111895556,0.004028149537617958
region,Eastern,-16,0.9811949057450456,0.985430442055079,0.004235536310033372,0.0043167124953805425
region,Northeastern,-16,0.792219130892976,0.8044906992900459,0.012271568397069887,0.015490118729192493
region,Western,-16,0.9597009183706154,0.9647918850468942,0.00509096667627873,0.005304742945252357
region,Central,-15,0.9844662804346336,0.9890600484160892,0.00459376798145561,0.004666252235096869
region,Eastern,-15,0.9766180540243322,0.981860586992561,0.005242532968228741,0.005368048385575027
region,Northeastern,-15,0.7784188998513523,0.7895197732807543,0.011100873429402025,0.014260796380357491
region,Western,-15,0.95554530818642,0.9607650795436564,0.005219771357236391,0.005462610001343915
region,Central,-14,0.9811667781812492,0.9863171625040736,0.005150384322824442,0.005249244509044129
region,Eastern,-14,0.97105004710538,0.9774154271989944,0.006365380093614426,0.006555151418394034
region,Northeastern,-14,0.7640416419806325,0.774145130710041,0.010103488729408472,0.013223740924927993
region,Western,-14,0.9511511744454156,0.9564526580592656,0.005301483613849967,0.005573754999504767
region,Central,-13,0.9771516008046368,0.9828430072342864,0.005691406429649604,0.005824486625169531
region,Eastern,-13,0.9645438719287304,0.972014030839724,0.007470158910993674,0.007744758044085775
region,Northeastern,-13,0.7490300686122405,0.7583640861309068,0.009334017518666249,0.012461472389165599
region,Western,-13,0.9464993359578728,0.9518745333177056,0.005375197359832717,0.005679029192760003
region,Central,-12,0.9722961674324972,0.978571475113251,0.006275307680753794,0.006454111299569084
region,Eastern,-12,0.9572161434378632,0.9658077633172404,0.008591619879377177,0.008975632032824041
region,Northeastern,-12,0.7337825510240139,0.7425489212101448,0.008766370186130912,0.01194682290263948
region,Western,-12,0.9416469015368332,0.9470738786028164,0.005426977065983274,0.005763282454523102
region,Central,-11,0.966621438593188,0.9733554264863704,0.006733987893182358,0.0069665203194571625
region,Eastern,-11,0.94923756649399,0.9590056347017116,0.00976806820772158,0.010290435769203648
region,Northeastern,-11,0.7184963316197168,0.726491343880279,0.007995012260562206,0.011127422519387028
region,Western,-11,0.9365357551422858,0.9420840146287376,0.005548259486451768,0.005924236694635148
region,Central,-10,0.9601846283634946,0.9674355321989264,0.00725090383543181,0.007551572500999104
region,Eastern,-10,0.940722289042328,0.9518412157972838,0.011118926754955738,0.011819563418950137
region,Northeastern,-10,0.7030513616626408,0.7103935913638272,0.007342229701186365,0.010443375977286755
region,Western,-10,0.9311509698083642,0.9367945016539536,0.005643531845589411,0.006060812938583826
region,Central,-9,0.9527314570333036,0.9605011007640182,0.007769643730714537,0.00815512458768635
region,Eastern,-9,0.9315909732830618,0.944372752180246,0.012781778897184126,0.013720376499719916
region,Northeastern,-9,0.6874094883384634,0.6941657880065308,0.006756299668067456,0.009828638944740346
region,Western,-9,0.925425811441472,0.9312554001572286,0.005829588715756673,0.006299358245342568
region,Central,-8,0.9443292685799392,0.9525896487901596,0.008260380210220464,0.00874735167601258
region,Eastern,-8,0.9220001205868332,0.9365700754805196,0.014569954893686399,0.015802552047838057
region,Northeastern,-8,0.6717613683381685,0.677977643331181,0.006216274993012583,0.009253695264422044
region,Western,-8,0.9193139958086468,0.9253206988696668,0.0060067030610200245,0.006533897110678065
region,Central,-7,0.9348034636956136,0.9436926241381894,0.008889160442575816,0.009509122278423932
region,Eastern,-7,0.9118508399368668,0.928461659627697,0.016610819690830225,0.018216597455764035
region,Northeastern,-7,0.6561283945142239,0.6619630931005477,0.005834698586323794,0.0088926171083384
region,Western,-7,0.912751307137524,0.9189779630603788,0.0062266559228548735,0.006821853745005599
region,Central,-6,0.9240650258081408,0.9336730273920129,0.009608001583872094,0.010397538393436566
region,Eastern,-6,0.901146890434904,0.91994512839431275,0.018798237959408715,0.020860348250590383
region,Northeastern,-6,0.640491115542166,0.6462319646758683,0.005740849133702319,0.008963198699240001
region,Western,-6,0.905579959653148,0.912064287251297,0.006484327598148987,0.007160414195376619
region,Central,-5,0.9120629383140836,0.9226708291066692,0.010607890792585617,0.011630656555559567
region,Eastern,-5,0.8898916179137962,0.9109291292282528,0.021037511314456525,0.023640532050156277
region,Northeastern,-5,0.624830155428516,0.6306075369130234,0.005777381484507349,0.009246323075660699
region,Western,-5,0.8976798881824656,0.9045367800982969,0.006856891915831276,0.007638459996819624
region,Central,-4,0.8988190581883468,0.9105266813581891,0.011707623169842307,0.01302556177818493
region,Eastern,-4,0.8781709388519283,0.9014523635684754,0.02328142471654704,0.02651126755228757
region,Northeastern,-4,0.6087928264177798,0.6151988382672168,0.00640601184943701,0.010522482479188954
region,Western,-4,0.888974460552893,0.8962500141037888,0.007275553550895819,0.008184209866243882
region,Central,-3,0.8843556686304104,0.8973416892744194,0.012986020644009,0.014684160575484606
region,Eastern,-3,0.8659097587411797,0.891549519047512,0.025639760306332304,0.02961019903922347
region,Northeastern,-3,0.5927674565558853,0.600092150092523,0.007324693536637783,0.01235677406987882
region,Western,-3,0.8792580223476053,0.8869673637476997,0.007709341400094383,0.008768008029668652
region,Central,-2,0.8688668232351694,0.8831828881409426,0.014316064905773196,0.016476707963676476
region,Eastern,-2,0.8531324233656633,0.8810410861865067,0.027908662820843366,0.032713166275807296
region,Northeastern,-2,0.5767303099490033,0.5853925544715154,0.008662244522512075,0.015019575654482288
region,Western,-2,0.868357371269604,0.8764855563396295,0.008128185070025551,0.009360414662158659
region,Central,-1,0.8522239242124011,0.8682436343005725,0.01601971008817138,0.018797536226146546
region,Eastern,-1,0.8400259268487961,0.8698698883271345,0.029843961478338454,0.035527429004831586
region,Northeastern,-1,0.5608299450050822,0.5705528527504989,0.009722907745416731,0.017336641582732574
region,Western,-1,0.8562831377010438,0.8647160748929138,0.008432937191869994,0.009848304632636834
region,Central,0,0.8348038551072636,0.8525741714804278,0.017770316373164174,0.02128681637542375
region,Eastern,0,0.8264868834596393,0.8579171883517548,0.03143030489211551,0.038028800603041125
region,Northeastern,0,0.5446268257896717,0.5558529571300634,0.011226131340391743,0.020612520002323827
region,Western,0,0.8427919586564534,0.8515941761868874,0.008802217530433976,0.010444116653018537
region,Central,1,0.8165475536772145,0.8360915419279118,0.019543988250697253,0.023934905153635538
region,Eastern,1,0.8124406411212078,0.8451259095831741,0.03268526846196629,0.0402309618790845
region,Northeastern,1,0.5284611538164938,0.5409334552763889,0.012472301459895085,0.02360116986806195
region,Western,1,0.8278776257560881,0.8369563176041579,0.009078691848069753,0.010966224434170837
region,Central,2,0.7976107009945838,0.8188491001481697,0.02123839915358594,0.026627525341752105
region,Eastern,2,0.7976418247489546,0.8315128707059221,0.03387104595696744,0.04246397932759836
region,Northeastern,2,0.5121538303896094,0.5259586834567211,0.013804853067111766,0.026954505166172513
region,Western,2,0.8115967282128317,0.8208627222460712,0.009265994033239466,0.011416992837863644
region,Central,3,0.777993978999705,0.8005407246493991,0.022546745649694055,0.028980617149098276
region,Eastern,3,0.7820076377475123,0.817283242017976,0.03527560427046372,0.045109027799359165
region,Northeastern,3,0.4956677783886778,0.5108989808644816,0.015231202475803785,0.030728651608780265
region,Western,3,0.793764285007121,0.8032716473036353,0.009507362296514277,0.011977563712669415
region,Central,4,0.7576614302599485,0.7813114622696784,0.023650032009729927,0.031214512267855262
region,Eastern,4,0.7655268237480727,0.8026075486052894,0.037080724857216696,0.048438178398069555
region,Northeastern,4,0.4790682962118082,0.49550699703393175,0.016438700822123564,0.03431389835668775
region,Western,4,0.7743612106061374,0.7841798430631212,0.009818632456983778,0.01267965430409171
region,Central,5,0.7368262885685328,0.7611667402172287,0.024340451648695915,0.03303417919029906
region,Eastern,5,0.7484320131605665,0.7872490633156821,0.03881705015511561,0.051864497339169674
region,Northeastern,5,0.46235155270159806,0.4796497035520277,0.017298150850429628,0.037413415720902454
region,Western,5,0.7534528196445417,0.7637083355200479,0.010255515875506216,0.013611357749440086
region,Central,6,0.7156785305395323,0.7402631297580944,0.024584599218562042,0.03435145553413251
region,Eastern,6,0.7304834900025011,0.7713804584296843,0.040896968427183156,0.05598616394060203
region,Northeastern,6,0.445393771089258,0.4635178342741258,0.01812406318486781,0.040692224187472315
region,Western,6,0.7309516741490761,0.7419903397462292,0.011038665597153052,0.015101772097318897
region,Central,7,0.6942917561489799,0.7187642936529772,0.02447253750399736,0.03524820406876052
region,Eastern,7,0.7117664265153262,0.7549005680715618,0.04313414155623563,0.060601539984700074
region,Northeastern,7,0.4283458067698742,0.447049030283949,0.018703223514074774,0.04366384173365551
region,Western,7,0.7071043693919381,0.719200607166359,0.012096237774420926,0.017106721861756945
region,Central,8,0.6727520369800648,0.6969174895524495,0.02416545257238467,0.035920296400530634
region,Eastern,8,0.6924490109549303,0.7378264022328164,0.04537739127788609,0.06553174394069514
region,Northeastern,8,0.41071180037617894,0.4304656873212426,0.019753886945063637,0.04809671143359082
region,Western,8,0.6819900055173843,0.6953499020855305,0.013359896568146179,0.01958957823437726
region,Central,9,0.6510407919169335,0.6750384697279335,0.02399767781099993,0.03686048264401503
region,Eastern,9,0.6726076939089803,0.7202060129791007,0.047598319070120354,0.07076683704507479
region,Northeastern,9,0.3925050020028404,0.4137722591632075,0.021267257160367092,0.054183404165160653
region,Western,9,0.6555145229894378,0.6705084648799797,0.014993941890541929,0.022873546450447632
region,Central,10,0.6291134977762215,0.653435888999381,0.02432239122315949,0.03866137240598687
region,Eastern,10,0.6521599276999211,0.7017211839784827,0.04956125627856156,0.07599555595719801
region,Northeastern,10,0.3738305169917086,0.3971234670067306,0.023292950015022018,0.062308851087025205
region,Western,10,0.628233597990847,0.6448409499668637,0.016607351976016704,0.026434994927251033
region,Central,11,0.6070253231526703,0.63202631566729,0.025000992514619624,0.04118607834146605
region,Eastern,11,0.631147679487996,0.6824602044131908,0.05131252492519478,0.08130034632595161
region,Northeastern,11,0.3549963965324954,0.3800110815065584,0.025014684974063006,0.07046461659442009
region,Western,11,0.6002364759141385,0.6183216487031543,0.01808517278901578,0.030130079584838147
region,Central,12,0.5846053970074857,0.6102814184561005,0.025676021448614805,0.043920260709269555
region,Eastern,12,0.6096814067936972,0.6622386735616832,0.052557266767986,0.08620447693227788
region,Northeastern,12,0.33593693801245944,0.3622573529403485,0.026320414927889058,0.07834927318088751
region,Western,12,0.5715896847452132,0.5910032414643756,0.01941355671916234,0.03396414812456938
region,Central,13,0.5616652926132477,0.5881496816964912,0.026484389083243465,0.047153330340246116
region,Eastern,13,0.587731732957379,0.6410422273973352,0.05331049443995617,0.09070548934240058
region,Northeastern,13,0.31669905289440037,0.3436907030767303,0.026991650182329907,0.085228073578514807
region,Western,13,0.5424696879950172,0.5629809722501679,0.020511284255150697,0.037810931576584425
region,Central,14,0.5384200997221289,0.5656176951889633,0.027197595466834423,0.05051370756936958
region,Eastern,14,0.5652131121011903,0.6189964675100628,0.05378335540887247,0.09515588767736091
region,Northeastern,14,0.2970737416073347,0.3242415641546499,0.0271678225473152,0.09145144367294843
region,Western,14,0.5127458347796167,0.533967460025917,0.021221625246300335,0.041388196269642255
region,Central,15,0.5145502921470678,0.5424116126568207,0.027861320509752874,0.054146933613613814
region,Eastern,15,0.5421154180319386,0.595851679213875,0.05373626118193642,0.0991232851797817
region,Northeastern,15,0.2770079910264721,0.30410145874659245,0.027093467720120334,0.09780753118248911
region,Western,15,0.4822522602935708,0.5041258783093973,0.021873618015826435,0.045357212017027936
region,Central,16,0.4901802141040999,0.5189148848336066,0.028734670729506695,0.05862062544083898
region,Eastern,16,0.5182506273068402,0.571725106752184,0.05347447944534378,0.10318266226368346
region,Northeastern,16,0.25631883299613006,0.28362245266519787,0.027303619669067802,0.10652209730324434
region,Western,16,0.4509832915821511,0.4734134637455221,0.02243017216337101,0.049736148948403176
region,Central,17,0.465358702993815,0.4949732854620553,0.029614582468240336,0.06363818335773971
region,Eastern,17,0.4935854289278399,0.5466931284154274,0.05310769948758748,0.10759576027790642
region,Northeastern,17,0.23540595554453744,0.26289553899481183,0.027489583450274385,0.11677522510713845
region,Western,17,0.4192583002549616,0.44201992391083794,0.022761623655876362,0.054290215940947247
region,Central,18,0.4396605930072762,0.470504437785297,0.030843844778020768,0.07015376239896559
region,Eastern,18,0.4682084687388721,0.5206739208244613,0.05246545208558917,0.11205575206041404
region,Northeastern,18,0.21452246213777015,0.24177433392169703,0.02725187178392688,0.1270350503735373
region,Western,18,0.3874140709846555,0.4102962859403618,0.022882214955706304,0.05906397487718666
region,Central,19,0.4131236872124958,0.4450556760435665,0.03193198883107068,0.07729401585885348
region,Eastern,19,0.44230488134732054,0.4937193157820699,0.051414434434749356,0.11624206876970028
region,Northeastern,19,0.19376706417561007,0.22039062736976764,0.026623563194157568,0.13739983782810877
region,Western,19,0.35582122498411173,0.3786831506514496,0.022861925667337857,0.06425115777834416
region,Central,20,0.3858682816133935,0.41866178392601416,0.03279350231262068,0.08498626053300987
region,Eastern,20,0.4157294239657832,0.46595748613570215,0.05022806216991893,0.12081911761447266
region,Northeastern,20,0.17350415047561107,0.19959112887961605,0.02608697840400498,0.15035362746363778
region,Western,20,0.3250141248798382,0.3479560221394625,0.022941897259624255,0.07058738529627338
region,Central,21,0.3583783138276888,0.39128602278029295,0.03290770895260414,0.09182394046428388
region,Eastern,21,0.3882061156017429,0.4376413631875535,0.04943524758581058,0.1273427841526478
region,Northeastern,21,0.15404932116035097,0.1789249512882498,0.02487563012789884,0.16147834953459891
region,Western,21,0.2951455560619767,0.31827619727915274,0.023130641217176062,0.07837028456670692
region,Central,22,0.3304327791608336,0.3632446357292873,0.0328118565684537,0.09929964167532841
region,Eastern,22,0.35946565602428543,0.40882995645264697,0.04936430042836154,0.1373268895124337
region,Northeastern,22,0.13580678694183568,0.15939745692357452,0.023590669981738838,0.1737075923299947
region,Western,22,0.2659428294891164,0.28964135549134423,0.023698526002227827,0.08911135542835788
region,Central,23,0.30204441642489305,0.3346214214165777,0.032577004991684644,0.10785501476000735
region,Eastern,23,0.32928778129882436,0.3793153027955149,0.05002752149669054,0.15192644348771392
region,Northeastern,23,0.11903260093816548,0.14090787595323062,0.021875275015065143,0.183775493794585
region,Western,23,0.23740010928620364,0.2616440559253368,0.02424394663913315,0.10212272737374882
region,Central,24,0.27308542832482935,0.30549152602524987,0.03240609770042052,0.11866652094623721
region,Eastern,24,0.2977573670250565,0.34933817706720505,0.05158081004214854,0.1732310120736928
region,Northeastern,24,0.10352777467835046,0.12344195958336222,0.01991418490501176,0.19235596405778999
region,Western,24,0.2095645233919898,0.23439494350539525,0.024830420113405444,0.11848579955949995
region,Central,25,0.2439073440619788,0.27575946745160596,0.031852123389627146,0.1305910796254387
region,Eastern,25,0.2647227176879379,0.31859721866719865,0.05387450097926072,0.20351294913332446
region,Northeastern,25,0.08911255151785331,0.10711596912601816,0.018003417608164846,0.20203009903221028
region,Western,25,0.18234749124733896,0.20759164849017828,0.02524415724283932,0.13843983852016783
region,Central,26,0.21519809956523975,0.2456480579973134,0.030449958432073654,0.14149733893371305
region,Eastern,26,0.230665679069544,0.28596961833022966,0.055303939260685664,0.23975798863432968
region,Northeastern,26,0.07562197539746207,0.09192546783958667,0.016303492442124604,0.2155919936821931
region,Western,26,0.15623646788837608,0.1807505272337592,0.024514059345383116,0.15690356852471413
region,Central,27,0.18727991824210433,0.21663258248526648,0.029352664243162158,0.15673150927595333
region,Eastern,27,0.19723048913074537,0.25123989219165666,0.05400940306091129,0.2738390159601952
region,Northeastern,27,0.0629061261939609,0.0775462821318199,0.014640155937859,0.23273020965745753
region,Western,27,0.13205066756891684,0.15395006310556006,0.021899395536643218,0.16584085442214058
region,Central,28,0.16123274823943462,0.189408060770558,0.028175312531123375,0.1747493163689199
region,Eastern,28,0.1669236655047796,0.21528212286011697,0.048358457355337364,0.28970402254887395
region,Northeastern,28,0.0511149273656422,0.06425589462184295,0.013140967256200745,0.25708668550380603
region,Western,28,0.11047511090547622,0.12878183764432838,0.018306726738852155,0.1657090596135776
region,Central,29,0.1376476682364343,0.16448244410322344,0.026834775866789146,0.19495263676167515
region,Eastern,29,0.14076924560321633,0.18107995357957676,0.04031070797636044,0.28636019042102057
region,Northeastern,29,0.04019867780213219,0.05195464711708595,0.011755969314953763,0.2924466663510562
region,Western,29,0.09184221989504118,0.10703146394996955,0.015189244054928372,0.16538411280004875
region,Central,30,0.11644258517751538,0.14207944316948343,0.02563685799196805,0.22016737221081922
region,Eastern,30,0.11890769145142696,0.15211197831632314,0.03320428686489618,0.2792442310467353
region,Northeastern,30,0.03031643358822676,0.04061844037737727,0.010302006789150508,0.33981592060192867
region,Western,30,0.0757952927673467,0.08853285686822426,0.012737564100877563,0.168052178912686
region,Central,31,0.09758252502885156,0.12223592053227748,0.02465339550342592,0.25264150006506614
region,Eastern,31,0.09986300387694548,0.12809435025056437,0.02823134637361889,0.28270075280738094
region,Northeastern,31,0.02155986593399526,0.03060005639152212,0.00904019045752686,0.41930643192323513
region,Western,31,0.06174834634475466,0.07256434943360061,0.010816003088845956,0.1751626355863495
region,Central,32,0.08078268834611808,0.10448438639519056,0.023701698049072475,0.29340070916582006
region,Eastern,32,0.0821524085446982,0.10720214859199367,0.025049740047295474,0.3049179018733966
region,Northeastern,32,0.01417471619787777,0.02216609162259448,0.007991375424716708,0.5637767496123254
region,Western,32,0.04929915962365093,0.05870129182263054,0.009402132198979611,0.19071587164477755
region,Central,33,0.06556042682462622,0.08804668703252157,0.022486260207895348,0.3429852625585549
region,Eastern,33,0.06534860292705502,0.08780170432676997,0.022453101399714945,0.3435896162122713
region,Northeastern,33,0.00854717381137968,0.01505545912975154,0.006508285318371859,0.7614546588144433
region,Western,33,0.03822453503578484,0.0464443961574762,0.00821986112169136,0.2150414940036847
region,Central,34,0.05189287429925694,0.07250751916301795,0.020614644863761016,0.3972538646612643
region,Eastern,34,0.04974318777537692,0.06971075972871517,0.019967571953338252,0.40141319538074083
region,Northeastern,34,0.00472152253824107,0.00946387442888185,0.00474235189064078,1.0044115753405827
region,Western,34,0.02853336089881057,0.03574725521842416,0.007213894319613591,0.25282315480453293
region,Central,35,0.03975471450688574,0.05772980785736107,0.017975093350475334,0.4521499795291436
region,Eastern,35,0.03589519767124975,0.05276667195908083,0.016871474287831083,0.47002037549285564
region,Northeastern,35,0.00247986370946598,0.00531769998734405,0.0028378362778780698,1.1443517105579872
region,Western,35,0.02037686162564243,0.02651170908187715,0.006134847456234719,0.3010692995291567
region,Central,36,0.02918164015020215,0.04388414426985623,0.014702504119654076,0.5038272024457209
region,Eastern,36,0.0242941092727097,0.03770537332860527,0.013411264055895569,0.5520376938026225
region,Northeastern,36,0.00126532124494062,0.00265499215382632,0.0013896709088857,1.098275172761298
region,Western,36,0.01384922202923719,0.01857069700465789,0.004721474975420699,0.34091987011639785
region,Central,37,0.0204792273445412,0.03156270421963351,0.01108347687509231,0.5412058125350439
region,Eastern,37,0.01515736116266718,0.0251169352686088,0.009959574105941619,0.6570783660200832
region,Northeastern,37,5.828512196159364e-4,0.0011984343205685,6.155831009525636e-4,1.0561582102516582
region,Western,37,0.00886322584056519,0.01212614539225346,0.003262919551688271,0.3681413077340926
region,Central,38,0.01378298576702024,0.02118190020346744,0.007398914436447201,0.5368150676141038
region,Eastern,38,0.00858342542262172,0.01527256506026889,0.006689139637647171,0.7793088782501523
region,Northeastern,38,2.0854282546724464e-4,4.35983261502008e-4,2.2744043603476337e-4,1.090617409278781
region,Western,38,0.00526086504505979,0.0072615376342628,0.0020006725892030095,0.38029346354013377
region,Central,39,0.00865423501365432,0.01324419336472296,0.004589958351068639,0.5303713550448744
region,Eastern,39,0.00432609419192731,0.00832860264979741,0.0040025084578701,0.9252014127059378
region,Northeastern,39,3.276424624591612e-5,1.4900225408603918e-4,1.1623800784012306e-4,3.547708894863146
region,Western,39,0.00276663825158075,0.00396613387446588,0.0011994956228851303,0.4335570876314549
region,Central,40,0.00493834323936995,0.00745417944805473,0.00251583620868478,0.5094494421991127
region,Eastern,40,0.00190675456976439,0.0039700589334381,0.0020633043636737094,1.082102750082127
region,Northeastern,40,1.008876659849015e-6,4.504212639673896e-5,4.4033249736889944e-5,43.64582063329705
region,Western,40,0.00125843605104424,0.00181918601305869,5.6074996201445e-4,0.44559273516452763
province,Anhui,-40,1,1,0,0
province,Beijing,-40,0.9999963734358668,0.9995966448289,-3.9972860696679824e-4,-3.997300566134845e-4
province,Fujian,-40,1,1,0,0
province,Gansu,-40,0.9998846266639196,0.9999274727179536,4.284605403392927e-5,4.2850997896510966e-5
province,Guangdong,-40,1,1,0,0
province,Guangxi,-40,1,1,0,0
province,Guizhou,-40,1,1,0,0
province,Hainan,-40,1,1,0,0
province,Hebei,-40,0.9996061006242488,0.9995406423824396,-6.545824180925752e-5,-6.548403593013206e-5
province,Heilongjiang,-40,0.9926331918432822,0.9964780657032544,0.00384487385997212,0.003873408517432643
province,Henan,-40,1,1,0,0
province,Hubei,-40,1,1,0,0
province,Hunan,-40,1,1,0,0
province,Jiangsu,-40,1,1,0,0
province,Jiangxi,-40,1,1,0,0
province,Jilin,-40,0.9971230859252408,0.9987742285235376,0.0016511425982967953,0.0016559064990102834
province,Liaoning,-40,0.998649139010987,0.9987339900043872,8.485099340027613e-5,8.49657703448364e-5
province,Neimenggu,-40,0.993296209234474,0.9929119709869052,-3.842382475688355e-4,-3.868314849051574e-4
province,Ningxia,-40,0.9996730405882052,0.9999785391074584,3.0549851925321114e-4,3.055984375385942e-4
province,Qinghai,-40,0.9992810112361452,0.9990296984856676,-2.51312750477628e-4,-2.514935715297396e-4
province,Shaanxi,-40,0.9998791110910932,0.9998757042707394,-3.4068203538240027e-6,-3.407232250413147e-6
province,Shandong,-40,0.9999984349913322,0.9998719346633576,-1.265003279746768e-4,-1.265005259490964e-4
province,Shanghai,-40,1,1,0,0
province,Shanxi,-40,0.9997950321060212,0.999459035778018,-3.3599632800318524e-4,-3.360652105816377e-4
province,Sichuan_Chongqing,-40,0.9999961148895088,NA,NA,NA
province,Tianjin,-40,1,0.9996680544503974,-3.319455496025858e-4,-3.319455496025858e-4
province,Xinjiang,-40,0.9997114614790238,0.9998206843794344,1.0922290041059934e-4,1.0925442452066064e-4
province,Xizang,-40,0.9996015554297816,0.9996990243494528,9.746891967121751e-5,9.750777111317166e-5
province,Yunnan,-40,1,1,0,0
province,Zhejiang,-40,1,1,0,0
province,Anhui,-39,1,1,0,0
province,Beijing,-39,0.9999759590587348,0.9995120047539492,-4.639543047856298e-4,-4.6396545895197754e-4
province,Fujian,-39,1,1,0,0
province,Gansu,-39,0.9998133679532074,0.9998909454992092,7.757754600179467e-5,7.759202716063844e-5
province,Guangdong,-39,1,1,0,0
province,Guangxi,-39,1,1,0,0
province,Guizhou,-39,1,1,0,0
province,Hainan,-39,1,1,0,0
province,Hebei,-39,0.9994934275761692,0.9994395234541068,-5.390412206240924e-5,-5.393144224382739e-5
province,Heilongjiang,-39,0.9893964366324326,0.994625846946538,0.005229410314105398,0.0052854549708148575
province,Henan,-39,0.9999996077327536,1,3.9226724635188503e-07,3.92267400225538e-7
province,Hubei,-39,1,1,0,0
province,Hunan,-39,1,1,0,0
province,Jiangsu,-39,1,1,0,0
province,Jiangxi,-39,1,1,0,0
province,Jilin,-39,0.995638402761626,0.9979719103386588,0.0023335075770328784,0.0023437299832553393
province,Liaoning,-39,0.9981042521146396,0.9983507154828656,2.464633682259798e-4,2.469314880723218e-4
province,Neimenggu,-39,0.9911213151544074,0.991025958139406,-9.535701500140714e-5,-9.621124431831175e-5
province,Ningxia,-39,0.9995222568518422,0.9999245082994944,4.022514476522687e-4,4.024437123783767e-4
province,Qinghai,-39,0.9987514968835556,0.9984343444614352,-3.171524221203814e-4,-3.175488828902934e-4
province,Shaanxi,-39,0.999839325396516,0.9998213059394964,-1.8019457019624596e-5,-1.8022352754007195e-5
province,Shandong,-39,0.99999742464128,0.9998267731668028,-1.7065147447725693e-4,-1.7065191396715163e-4
province,Shanghai,-39,1,1,0,0
province,Shanxi,-39,0.9996709498318256,0.999311833590579,-3.5911624124662644e-4,-3.592344474019581e-4
province,Sichuan_Chongqing,-39,0.9999921411546286,NA,NA,NA
province,Tianjin,-39,0.9999910787978574,0.9996366591237016,-3.5441967415583697e-4,-3.544228360336012e-4
province,Xinjiang,-39,0.9995039474899372,0.9996783358846798,1.7438839474259726e-4,1.7447494347625172e-4
province,Xizang,-39,0.9991966747569768,0.999375786776992,1.79112020015193e-4,1.7925602090174727e-4
province,Yunnan,-39,1,1,0,0
province,Zhejiang,-39,1,1,0,0
province,Anhui,-38,1,1,0,0
province,Beijing,-38,0.9999534336827096,0.9993569677275266,-5.964659551830342e-4,-5.964937316994063e-4
province,Fujian,-38,1,1,0,0
province,Gansu,-38,0.9997127226560544,0.9998391075965476,1.2638494049321825e-4,1.2642125845656592e-4
province,Guangdong,-38,1,1,0,0
province,Guangxi,-38,1,1,0,0
province,Guizhou,-38,1,1,0,0
province,Hainan,-38,1,1,0,0
province,Hebei,-38,0.9993523914820004,0.9993138658767144,-3.8525605285943954e-5,-3.8550570964074037e-5
province,Heilongjiang,-38,0.9852370365808728,0.9920698246703628,0.0068327880894899495,0.0069351717767352555
province,Henan,-38,0.9999983807552476,1,1.6192447523932785e-6,1.6192473743510922e-6
province,Hubei,-38,1,1,0,0
province,Hunan,-38,1,1,0,0
province,Jiangsu,-38,1,1,0,0
province,Jiangxi,-38,1,1,0,0
province,Jilin,-38,0.9937594217298372,0.9968710977449898,0.003111676015152609,0.0031312166175351715
province,Liaoning,-38,0.9973572965379028,0.9979066163137084,5.493197758055235e-4,5.507753116284016e-4
province,Neimenggu,-38,0.988424396967461,0.9887481759561118,3.2377898865076915e-4,3.2757081840972406e-4
province,Ningxia,-38,0.999323944494876,0.9998625734925022,5.386289976261338e-4,5.389933870726897e-4
province,Qinghai,-38,0.9979275451143002,0.9975664981868808,-3.610469274193395e-4,-3.617967348300684e-4
province,Shaanxi,-38,0.9998003733903044,0.9997532977128264,-4.7075677477970146e-5,-4.7085076912241394e-5
province,Shandong,-38,0.9999934725361292,0.999776575576358,-2.1689695977122891e-4,-2.1689837556753905e-4
province,Shanghai,-38,1,1,0,0
province,Shanxi,-38,0.9995369299672924,0.999103772158008,-4.3315780928432357e-4,-4.3335848461196694e-4
province,Sichuan_Chongqing,-38,0.9999850297154684,NA,NA,NA
province,Tianjin,-38,0.999950727880273,0.9995423649570604,-4.083629232125574e-4,-4.083830451108506e-4
province,Xinjiang,-38,0.999222350409236,0.9994412694136238,2.1891900438775203e-4,2.190893791537917e-4
province,Xizang,-38,0.9985649149306676,0.9987380760904728,1.7316115980525737e-4,1.734100179328655e-4
province,Yunnan,-38,1,1,0,0
province,Zhejiang,-38,1,1,0,0
province,Anhui,-37,1,1,0,0
province,Beijing,-37,0.9999088841877808,0.9991815443851828,-7.273398025979816e-4,-7.274060807938463e-4
province,Fujian,-37,1,1,0,0
province,Gansu,-37,0.9995541586829338,0.9997571780811988,2.0301939826494753e-4,2.0310995307393527e-4
province,Guangdong,-37,1,1,0,0
province,Guangxi,-37,1,1,0,0
province,Guizhou,-37,1,1,0,0
province,Hainan,-37,1,1,0,0
province,Hebei,-37,0.999176839167612,0.9991693135907348,-7.525576877220885e-6,-7.531776740832229e-6
province,Heilongjiang,-37,0.9799926271209314,0.9886479328995484,0.008655305778617062,0.008832011118333642
province,Henan,-37,0.9999932253175182,0.999999671559178,6.44624165979657e-6,6.446285331332877e-6
province,Hubei,-37,1,1,0,0
province,Hunan,-37,1,1,0,0
province,Jiangsu,-37,1,0.9999976848159688,-2.3151840311541605e-6,-2.3151840311541605e-6
province,Jiangxi,-37,1,1,0,0
province,Jilin,-37,0.9911138769323966,0.9950283169397244,0.0039144400073277685,0.003949536070913848
province,Liaoning,-37,0.9962371308649136,0.9973546299190998,0.0011174990541862329,0.001121719939524882
province,Neimenggu,-37,0.9850873480169992,0.9860403042683183,9.529562513191925e-4,9.673824897228787e-4
province,Ningxia,-37,0.9991002817959388,0.9997881903169318,6.879085209929858e-4,6.885280021705446e-4
province,Qinghai,-37,0.9967382396306812,0.9963926134140042,-3.4562621667699744e-4,-3.467572557515817e-4
province,Shaanxi,-37,0.9997509113151676,0.999662697758704,-8.821355646360107e-5,-8.8235534936954e-5
province,Shandong,-37,0.999985464058138,0.9997300695634288,-2.553944947092379e-4,-2.5539820716272886e-4
province,Shanghai,-37,0.9999977159254676,1,2.284074532399316e-6,2.2840797494077015e-6
province,Shanxi,-37,0.9993609365268424,0.998846799554494,-5.141369723484779e-4,-5.144657486166094e-4
province,Sichuan_Chongqing,-37,0.999974313090742,NA,NA,NA
province,Tianjin,-37,0.9999465747637968,0.9993978194184984,-5.487553452984129e-4,-5.48784664248725e-4
province,Xinjiang,-37,0.9988329012334766,0.9990819635814692,2.490623479926013e-4,2.493533680008235e-4
province,Xizang,-37,0.997547537452711,0.9977669242465852,2.193867938742322e-4,2.1992615453138975e-4
province,Yunnan,-37,1,1,0,0
province,Zhejiang,-37,0.9999999320661376,0.99999997730461,4.523847241255652e-8,4.5238475485780887e-8
province,Anhui,-36,1,1,0,0
province,Beijing,-36,0.9997297711534276,0.998964265907735,-7.655052456926326e-4,-7.657121632073025e-4
province,Fujian,-36,1,1,0,0
province,Gansu,-36,0.9993331854925256,0.999634615503707,3.014300111814361e-4,3.0163114320363034e-4
province,Guangdong,-36,1,1,0,0
province,Guangxi,-36,1,1,0,0
province,Guizhou,-36,1,1,0,0
province,Hainan,-36,1,1,0,0
province,Hebei,-36,0.9989710905919976,0.9989956138598496,2.452326785196135e-5,2.4548526061378493e-5
province,Heilongjiang,-36,0.97351877056059,0.9843789549663476,0.010860184405757645,0.011155598365611304
province,Henan,-36,0.999980770817252,0.9999988362587784,1.8065441526382564e-5,1.806578891673913e-5
province,Hubei,-36,1,1,0,0
province,Hunan,-36,1,1,0,0
province,Jiangsu,-36,0.9999984682784466,0.9999922094742708,-6.2588041758182555e-6,-6.258813762578194e-6
province,Jiangxi,-36,1,1,0,0
province,Jilin,-36,0.9877269847129913,0.9923995473658632,0.00467256265287197,0.004730621644633613
province,Liaoning,-36,0.9945481333358344,0.9965726974608656,0.0020245641250312696,0.0020356622843789745
province,Neimenggu,-36,0.9811459179907004,0.9829820249848408,0.0018361069941403851,0.0018713903411029513
province,Ningxia,-36,0.998667989618136,0.9996574509042058,9.894612860698038e-4,9.907810166701623e-4
province,Qinghai,-36,0.9951359963603796,0.9948187414942906,-3.1725486608902287e-4,-3.188055373831858e-4
province,Shaanxi,-36,0.9996813846238348,0.9995328292333432,-1.485553904916337e-4,-1.4860273760877607e-4
province,Shandong,-36,0.9999763885076708,0.9996655133754736,-3.108751321971859e-4,-3.1088247259630287e-4
province,Shanghai,-36,0.9999931477764026,1,6.852223597419993e-6,6.8522705507099565e-6
province,Shanxi,-36,0.999117185220294,0.9985576524413984,-5.595327788956439e-4,-5.600271791664491e-4
province,Sichuan_Chongqing,-36,0.9999579808652886,NA,NA,NA
province,Tianjin,-36,0.9998958050026704,0.9992003406577866,-6.954643448837672e-4,-6.955368163404884e-4
province,Xinjiang,-36,0.9981679630315592,0.9985660774183412,3.981143867820558e-4,3.988450857237827e-4
province,Xizang,-36,0.995993053528128,0.996232373622166,2.3932009403804244e-4,2.4028289473535346e-4
province,Yunnan,-36,1,1,0,0
province,Zhejiang,-36,0.999999491000647,0.9999997112717448,2.2027109780609067e-7,2.20271209923994e-7
province,Anhui,-35,1,1,0,0
province,Beijing,-35,0.9994913772197536,0.998774446449996,-7.1693076975754e-4,-7.172956026412139e-4
province,Fujian,-35,1,1,0,0
province,Gansu,-35,0.9990082625845992,0.9994684078802664,4.601452956671803e-4,4.606020919954241e-4
province,Guangdong,-35,1,1,0,0
province,Guangxi,-35,1,1,0,0
province,Guizhou,-35,1,1,0,0
province,Hainan,-35,1,1,0,0
province,Hebei,-35,0.998737354971298,0.9987811811014504,4.3826130152413434e-5,4.388153695690387e-5
province,Heilongjiang,-35,0.9660198056672996,0.9791914774673852,0.013171671800085605,0.013634991459607787
province,Henan,-35,0.9999635166790656,0.9999957702725506,3.225359348502099e-5,3.2254770246155546e-5
province,Hubei,-35,1,1,0,0
province,Hunan,-35,1,1,0,0
province,Jiangsu,-35,0.9999938379598896,0.9999815094623667,-1.2328497522862136e-5,-1.2328573492026498e-5
province,Jiangxi,-35,1,1,0,0
province,Jilin,-35,0.9833921107460148,0.9891941006351485,0.0058019898891336075,0.005899976037770059
province,Liaoning,-35,0.9924955131689852,0.9956660758783688,0.00317056270938354,0.003194536063201034
province,Neimenggu,-35,0.9764583209313434,0.9793829556344462,0.0029246347031027797,0.0029951454561965027
province,Ningxia,-35,0.9982411594275185,0.9994345956720246,0.0011934362445061852,0.0011955390070177124
province,Qinghai,-35,0.9929874468297806,0.9927457647892812,-2.4168204049934694e-4,-2.4338881752326567e-4
province,Shaanxi,-35,0.9995812454670382,0.9994179481635984,-1.6329730343978e-4,-1.6336571357286917e-4
province,Shandong,-35,0.9999578467402191,0.99958983756966,-3.6800917055912485e-4,-3.6802468399923523e-4
province,Shanghai,-35,0.9999650232505992,0.999995844132254,3.0820881654736176e-5,3.082195970669688e-5
province,Shanxi,-35,0.9987028595908224,0.998204299594982,-4.985599958403641e-4,-4.992075381106135e-4
province,Sichuan_Chongqing,-35,0.9999311117385644,NA,NA,NA
province,Tianjin,-35,0.9998281979920872,0.998956345260922,-8.718527311651902e-4,-8.720025429529747e-4
province,Xinjiang,-35,0.9971968709091464,0.9978768871143266,6.800162051802117e-4,6.81927736656694e-4
province,Xizang,-35,0.9938067354682532,0.993989457918981,1.8272245072781246e-4,1.83861151476015e-4
province,Yunnan,-35,1,1,0,0
province,Zhejiang,-35,0.9999992365009706,0.9999993057092867,6.92083161890622e-8,6.920836902958479e-8
province,Anhui,-34,1,1,0,0
province,Beijing,-34,0.998890330152718,0.9984660296946668,-4.2430045805119665e-4,-4.2477181452575116e-4
province,Fujian,-34,1,1,0,0
province,Gansu,-34,0.9985845590890808,0.9992370841419848,6.525250529039184e-4,6.534499727285574e-4
province,Guangdong,-34,1,1,0,0
province,Guangxi,-34,1,1,0,0
province,Guizhou,-34,1,1,0,0
province,Hainan,-34,1,1,0,0
province,Hebei,-34,0.998443449531681,0.9985342928049844,9.084327330344255e-5,9.098489588574346e-5
province,Heilongjiang,-34,0.9572283001516142,0.9726668467011436,0.015438546549529364,0.016128384991421663
province,Henan,-34,0.9999424009725634,0.9999897723156882,4.7371343124824605e-5,4.7374071825287455e-5
province,Hubei,-34,0.9999984127370786,1,1.5872629214319645e-6,1.5872654408395452e-6
province,Hunan,-34,1,1,0,0
province,Jiangsu,-34,0.9999846491217008,0.9999639099561688,-2.0739165532024373e-5,-2.073948390131773e-5
province,Jiangxi,-34,1,1,0,0
province,Jilin,-34,0.9782820530426262,0.9854546082769668,0.007172555234340683,0.0073317865865297205
province,Liaoning,-34,0.9900153088760032,0.9945429579293152,0.004527649053312044,0.004573312162669921
province,Neimenggu,-34,0.9709332508431024,0.9752127125639724,0.004279461720869904,0.004407575615680961
province,Ningxia,-34,0.9976060325832676,0.9990564122581548,0.0014503796748871478,0.0014538601687596434
province,Qinghai,-34,0.9903772344775968,0.990128449002042,-2.4878547555484687e-4,-2.5120274062648057e-4
province,Shaanxi,-34,0.999452141619976,0.9992539701434237,-1.9817147655232237e-4,-1.9828010596997006e-4
province,Shandong,-34,0.9999077842764348,0.9994939378449051,-4.1384643152964085e-4,-4.138845981973361e-4
province,Shanghai,-34,0.9999328519140376,0.9998971039721934,-3.57479418441331e-5,-3.575034241119852e-5
province,Shanxi,-34,0.9982454131065176,0.9977853703810908,-4.6004272542676805e-4,-4.608513291287012e-4
province,Sichuan_Chongqing,-34,0.9998928176964272,NA,NA,NA
province,Tianjin,-34,0.9997462633953904,0.9986385935591896,-0.0011076698362008086,-0.0011079509639164667
province,Xinjiang,-34,0.9959998568161598,0.9970036117322756,0.0010037549161158177,0.0010077862052354585
province,Xizang,-34,0.9905951796372616,0.9909663113799112,3.711317426495775e-4,3.746553085241939e-4
province,Yunnan,-34,1,1,0,0
province,Zhejiang,-34,0.9999987275016176,0.9999979778389342,-7.4966268337473e-7,-7.496636373204958e-7
province,Anhui,-33,1,1,0,0
province,Beijing,-33,0.9986456258331056,0.9981285875458732,-5.170382872323742e-4,-5.177395002366756e-4
province,Fujian,-33,1,1,0,0
province,Gansu,-33,0.9980175792813986,0.9989281621870476,9.105829056490489e-4,9.123916497590101e-4
province,Guangdong,-33,1,1,0,0
province,Guangxi,-33,1,1,0,0
province,Guizhou,-33,1,1,0,0
province,Hainan,-33,1,1,0,0
province,Hebei,-33,0.9980686138212974,0.998259898789788,1.912849684906348e-4,1.916551285570073e-4
province,Heilongjiang,-33,0.9473702680246854,0.9648803271019768,0.017510059077291418,0.018482804103405918
province,Henan,-33,0.9999112980113848,0.9999758048749744,6.450686358960844e-5,6.451258598427596e-5
province,Hubei,-33,0.9999967136978702,1,3.2863021297568906e-6,3.28631292957407e-6
province,Hunan,-33,1,1,0,0
province,Jiangsu,-33,0.999965652601962,0.99993269802227,-3.295457969199056e-5,-3.295571163493571e-5
province,Jiangxi,-33,1,1,0,0
province,Jilin,-33,0.9721862071796552,0.9804369669833718,0.00825075980371659,0.008486810183876524
province,Liaoning,-33,0.9870204880552303,0.9931618582575872,0.006141370202356833,0.006222130418444953
province,Neimenggu,-33,0.9649410555855114,0.9703470560493972,0.0054060004638858405,0.005602415227949404
province,Ningxia,-33,0.996718016270174,0.998617310679353,0.0018992944091790198,0.001905548387984782
province,Qinghai,-33,0.9870328873948856,0.9868921337572432,-1.4075363764243232e-4,-1.4260278400036788e-4
province,Shaanxi,-33,0.9992993165509638,0.9990510975469632,-2.4821900400062713e-4,-2.483930488988462e-4
province,Shandong,-33,0.9998357516380484,0.9993879372708648,-4.4781436718355216e-4,-4.478879320427281e-4
province,Shanghai,-33,0.9998959186047242,0.9997681377334566,-1.2778087126752435e-4,-1.2779417226328163e-4
province,Shanxi,-33,0.9976057500716208,0.9972747017968788,-3.3104827474195186e-4,-3.318427893165061e-4
province,Sichuan_Chongqing,-33,0.9998427098286028,NA,NA,NA
province,Tianjin,-33,0.9995819256931012,0.998209703048526,-0.0013722226445752606,-0.0013727965755520974
province,Xinjiang,-33,0.9943414498126262,0.995786662137046,0.0014452123244198534,0.0014534366687541682
province,Xizang,-33,0.9864837015605404,0.9868691917981772,3.8549023763678747e-4,3.907720290025795e-4
province,Yunnan,-33,1,1,0,0
province,Zhejiang,-33,0.9999968376692412,0.9999936819083604,-3.1557608808352455e-6,-3.1557708604265053e-6
province,Anhui,-32,0.9999960275321558,0.9999982598498316,2.232317675820994e-6,2.2323265436664066e-6
province,Beijing,-32,0.9983349657870372,0.9976762020522753,-6.587637347619246e-4,-6.59862428280861e-4
province,Fujian,-32,1,1,0,0
province,Gansu,-32,0.9972665722148668,0.9984792758119992,0.0012127035971324363,0.0012160275205445794
province,Guangdong,-32,1,1,0,0
province,Guangxi,-32,1,1,0,0
province,Guizhou,-32,1,1,0,0
province,Hainan,-32,1,1,0,0
province,Hebei,-32,0.9976059818272052,0.9979088490272656,3.0286720006045265e-4,3.035940096366745e-4
province,Heilongjiang,-32,0.9366931321417458,0.955758393663003,0.019065261521257204,0.020353796635259346
province,Henan,-32,0.9998691727437484,0.9999537991828158,8.462643906737011e-5,8.46375119608359e-5
province,Hubei,-32,0.999996288938068,1,3.7110619319769e-6,3.711075704008672e-6
province,Hunan,-32,1,1,0,0
province,Jiangsu,-32,0.9999237178621944,0.999861669684129,-6.204817806532148e-5,-6.205291159407495e-5
province,Jiangxi,-32,1,1,0,0
province,Jilin,-32,0.9651966640647504,0.9742965042842257,0.009099840219475297,0.009427964847239498
province,Liaoning,-32,0.9834732305092604,0.991352173638484,0.007878943129223659,0.008011344777675136
province,Neimenggu,-32,0.95809702608949,0.964878113373662,0.006781087284172038,0.007077662386500987
province,Ningxia,-32,0.9955173443746692,0.9979929209639594,0.002475576589290207,0.002486723715341426
province,Qinghai,-32,0.9828138637766908,0.9830947266104392,2.808628337483965e-4,2.8577418787024e-4
province,Shaanxi,-32,0.9991028182153606,0.9988035160784312,-2.9930213692941354e-4,-2.9957090648992423e-4
province,Shandong,-32,0.9997468295187932,0.9992713399234692,-4.7548959532406343e-4,-4.7561000573808287e-4
province,Shanghai,-32,0.9998581639505206,0.9994715611755876,-3.866027749330758e-4,-3.8665761692196116e-4
province,Shanxi,-32,0.9968013195632126,0.9966296362674344,-1.7168329577821329e-4,-1.7223421800188128e-4
province,Sichuan_Chongqing,-32,0.9997768063054424,NA,NA,NA
province,Tianjin,-32,0.9992462230938208,0.9977271526382744,-0.0015190704555464452,-0.001520216359530655
province,Xinjiang,-32,0.9922553546504924,0.9942290036036238,0.001973648953131346,0.0019890534668130216
province,Xizang,-32,0.9812832949285424,0.981574379727432,2.9108479888961813e-4,2.9663686357853987e-4
province,Yunnan,-32,1,0.9999999629726444,-3.702735562605142e-8,-3.702735562605142e-8
province,Zhejiang,-32,0.999995191719904,0.9999827643036324,-1.2427416271609815e-5,-1.2427476026395436e-5
province,Anhui,-31,0.9999730742500922,0.9999916792583382,1.860500824601985e-5,1.8605509213307834e-5
province,Beijing,-31,0.9977496591985436,0.9971632601605336,-5.863990380100548e-4,-5.87721611933286e-4
province,Fujian,-31,1,1,0,0
province,Gansu,-31,0.9962436767444144,0.997881511796798,0.0016378350523835739,0.001644010487209104
province,Guangdong,-31,1,1,0,0
province,Guangxi,-31,1,1,0,0
province,Guizhou,-31,1,1,0,0
province,Hainan,-31,1,1,0,0
province,Hebei,-31,0.9970321845412494,0.9975089131333212,4.7672859207181784e-4,4.781476460473223e-4
province,Heilongjiang,-31,0.9254259309554032,0.9455842026273548,0.02015827167195161,0.021782695943197046
province,Henan,-31,0.9998126299063244,0.9999284856984508,1.1585579212647357e-4,1.1587750410527268e-4
province,Hubei,-31,0.9999923216232374,1,7.678376762632055e-6,7.678435720554465e-6
province,Hunan,-31,1,1,0,0
province,Jiangsu,-31,0.9998599585504188,0.9997680109540296,-9.194759638919692e-5,-9.196047466737352e-5
province,Jiangxi,-31,1,1,0,0
province,Jilin,-31,0.9570926446134188,0.9668529093452392,0.009760264731820345,0.010197826497520136
province,Liaoning,-31,0.979478396283532,0.9890593463856434,0.009580950102111463,0.0097816859855866
province,Neimenggu,-31,0.9504916832167136,0.9587344865452266,0.008242803328513015,0.008672146715284455
province,Ningxia,-31,0.9941699860690086,0.997260906620134,0.0030909205511253646,0.0031090463345679934
province,Qinghai,-31,0.9779926722879456,0.9785979298001976,6.052575122519332e-4,6.188773488823546e-4
province,Shaanxi,-31,0.9988754928554512,0.9985074136180214,-3.6807923742976367e-4,-3.684936111281979e-4
province,Shandong,-31,0.9996026552043784,0.999122526799831,-4.8012840454736416e-4,-4.8031925690433195e-4
province,Shanghai,-31,0.999851908250732,0.9992320165473793,-6.198917033527485e-4,-6.199835177964163e-4
province,Shanxi,-31,0.9957948032840868,0.9958976115879328,1.028083038460137e-4,1.032424586942576e-4
province,Sichuan_Chongqing,-31,0.9996954249178066,NA,NA,NA
province,Tianjin,-31,0.9984672061459712,0.9972133778100318,-0.0012538283359393443,-0.0012557531466446986
province,Xinjiang,-31,0.9896843641643912,0.9923255194887084,0.0026411553243171904,0.0026686845017978703
province,Xizang,-31,0.974814136970158,0.975286618611481,4.724816413230748e-4,4.846889508512933e-4
province,Yunnan,-31,0.9999999449353738,0.9999998889179336,-5.6017440241973304e-8,-5.6017443326552883e-8
province,Zhejiang,-31,0.9999910471038131,0.9999445817666848,-4.6465337128376305e-5,-4.646575313144033e-5
province,Anhui,-30,0.9999396671663056,0.9999770710141144,3.740384780881456e-5,3.7406104625104066e-5
province,Beijing,-30,0.9971302048590036,0.9964938780560796,-6.363268029240254e-4,-6.381581861859289e-4
province,Fujian,-30,1,1,0,0
province,Gansu,-30,0.9949481544454926,0.9970850968789108,0.0021369424334182208,0.002147792750677735
province,Guangdong,-30,1,1,0,0
province,Guangxi,-30,1,1,0,0
province,Guizhou,-30,1,1,0,0
province,Hainan,-30,1,1,0,0
province,Hebei,-30,0.996364328734766,0.9970222020482208,6.578733134547932e-4,6.602738521261536e-4
province,Heilongjiang,-30,0.9141649456653717,0.9342834997110346,0.020118554045662984,0.022007575483021576
province,Henan,-30,0.9997186986397234,0.999887699382924,1.690007432005869e-4,1.6904829671640566e-4
province,Hubei,-30,0.9999869189259444,1,1.3081074055620867e-5,1.3081245172357707e-5
province,Hunan,-30,1,1,0,0
province,Jiangsu,-30,0.9997635434381916,0.9996590301973454,-1.0451324084626012e-4,-1.045379595327497e-4
province,Jiangxi,-30,1,1,0,0
province,Jilin,-30,0.9483379023512236,0.9583647409109364,0.010026838559712759,0.010573065291235452
province,Liaoning,-30,0.974663368437987,0.9862036603048872,0.011540291866900199,0.011840284800479245
province,Neimenggu,-30,0.9421375478307602,0.9517797144059792,0.009642166575218991,0.010234351233978258
province,Ningxia,-30,0.9924079741599858,0.9962177039867036,0.0038097298267177893,0.003838874662350933
province,Qinghai,-30,0.9726194328311892,0.9732635004497016,6.440676185123229e-4,6.62199002787259e-4
province,Shaanxi,-30,0.99857459016394845,0.9981515944016518,-4.229957622966518e-4,-4.2359956528355416e-4
province,Shandong,-30,0.9993965144824022,0.9989361492010717,-4.6036528133053256e-4,-4.606432728744912e-4
province,Shanghai,-30,0.9997913776312204,0.999068353714318,-7.230239169023767e-4,-7.231747873395531e-4
province,Shanxi,-30,0.99454420025296,0.9950345123520004,4.903120990403798e-4,4.930018182355998e-4
province,Sichuan_Chongqing,-30,0.9995974101765838,NA,NA,NA
province,Tianjin,-30,0.9978660109377936,0.9966430983823112,-0.0012229125554823472,-0.001225527818442333
province,Xinjiang,-30,0.9865887447475428,0.9899010224642468,0.0033122777167040596,0.0033573033691476333
province,Xizang,-30,0.9675129683101582,0.9680896475333636,5.766792232053675e-4,5.960428873760582e-4
province,Yunnan,-30,0.9999998348061216,0.9999995926990896,-2.4210703208904505e-7,-2.421070720836513e-7
province,Zhejiang,-30,0.999984011896356,0.9999088928404756,-7.511905588042378e-5,-7.512025691087704e-5
province,Anhui,-29,0.9998618911430608,0.9999510729791324,8.918183607165009e-5,8.919415457438401e-5
province,Beijing,-29,0.9959694722448056,0.9958585658387504,-1.1090640605515567e-4,-1.1135522638578956e-4
province,Fujian,-29,1,1,0,0
province,Gansu,-29,0.993308181464474,0.9960556335118624,0.0027474520473884656,0.0027659613588783567
province,Guangdong,-29,1,1,0,0
province,Guangxi,-29,1,1,0,0
province,Guizhou,-29,1,1,0,0
province,Hainan,-29,1,1,0,0
province,Hebei,-29,0.995580621229624,0.9964421188403688,8.614976107448324e-4,8.65321795517486e-4
province,Heilongjiang,-29,0.90257187866737,0.9220163582025512,0.019444479535181247,0.02154341387623404
province,Henan,-29,0.999571575064667,0.999820921897978,2.493468333110149e-4,2.494537054986618e-4
province,Hubei,-29,0.999972326243004,1,2.7673756995971743e-5,2.7674522853992184e-5
province,Hunan,-29,1,1,0,0
province,Jiangsu,-29,0.999641919292279,0.9995332413770228,-1.0867791525615011e-4,-1.0871684466082747e-4
province,Jiangxi,-29,1,1,0,0
province,Jilin,-29,0.9387186058747318,0.9483859946018532,0.009667388727121473,0.010298494848850953
province,Liaoning,-29,0.9693475652728798,0.982602345617938,0.013254780345058226,0.013673919262722746
province,Neimenggu,-29,0.9332145351302392,0.9439279658604488,0.010713430730209583,0.0114801370177056
province,Ningxia,-29,0.9903651433958836,0.9947221465243378,0.004357003128454218,0.004399390626283957
province,Qinghai,-29,0.965942803597612,0.9674263464884963,0.0014835428908843706,0.0015358496231443308
province,Shaanxi,-29,0.9982084886161524,0.9977140836945074,-4.944049216449864e-4,-4.952922433372565e-4
province,Shandong,-29,0.9990986390256542,0.9986976591478676,-4.009798777866447e-4,-4.0134163147063256e-4
province,Shanghai,-29,0.9997428302194418,0.99891455641313,-8.282738063117856e-4,-8.284868680978497e-4
province,Shanxi,-29,0.9929928699081564,0.9939064765052056,9.136065970491991e-4,9.200535318382499e-4
province,Sichuan_Chongqing,-29,0.9994773471274726,NA,NA,NA
province,Tianjin,-29,0.9970012024973908,0.996057140818142,-9.440616792487644e-4,-9.469012443354952e-4
province,Xinjiang,-29,0.982904705845052,0.986912063517546,0.00400735767249405,0.004077056146606527
province,Xizang,-29,0.9594351823021006,0.9602171265095436,7.819442074430416e-4,8.150047255582381e-4
province,Yunnan,-29,0.9999993942891128,0.9999993705349568,-2.375415597555275e-8,-2.3754170363712354e-8
province,Zhejiang,-29,0.9999738651666136,0.999861341134319,-1.1252403229455865e-4,-1.1252697316825388e-4
province,Anhui,-28,0.9997592413827082,0.999920458664864,1.6121728215579e-4,1.612561059528891e-4
province,Beijing,-28,0.9946990020055324,0.995203041113941,5.040391084085716e-4,5.067252579848956e-4
province,Fujian,-28,1,1,0,0
province,Gansu,-28,0.991363925564966,0.994707633831684,0.0033437082667180373,0.003372836332341324
province,Guangdong,-28,1,1,0,0
province,Guangxi,-28,1,1,0,0
province,Guizhou,-28,1,1,0,0
province,Hainan,-28,1,1,0,0
province,Hebei,-28,0.9946078081747628,0.9957570243466208,0.0011492161718580363,0.0011554465613607039
province,Heilongjiang,-28,0.8904860444571497,0.9087998771763368,0.018313832719187073,0.02056610862481443
province,Henan,-28,0.9993613544590064,0.9997314727234968,3.701182644904044e-4,3.70354789925576e-4
province,Hubei,-28,0.9999492068778486,1,5.079312215139353e-5,5.0795702223701345e-5
province,Hunan,-28,0.9999979862997378,1,2.0137002622044875e-6,2.0137043172013992e-06
province,Jiangsu,-28,0.9995258960097484,0.999380309477951,-1.4558653179741476e-4,-1.4565558769274233e-4
province,Jiangxi,-28,1,1,0,0
province,Jilin,-28,0.9287223088023456,0.9375865670970556,0.008864258294709937,0.00954457345397575
province,Liaoning,-28,0.9635039736311146,0.9781741815739808,0.01467020794286622,0.015225892517681333
province,Neimenggu,-28,0.9235381731273572,0.9351231506040756,0.011584977476718383,0.012544124123736462
province,Ningxia,-28,0.9880148509690642,0.9929297439533254,0.004914892984261288,0.004974513267124138
province,Qinghai,-28,0.958558165675074,0.960811019173846,0.002252853498772023,0.0023502522637063226
province,Shaanxi,-28,0.9976975410538244,0.997185059691949,-5.124813618753166e-4,-5.136640522677893e-4
province,Shandong,-28,0.9987047314329474,0.9984144307011518,-2.903007317955897e-4,-2.9067723688368284e-4
province,Shanghai,-28,0.9996486658153784,0.998700522342657,-9.481434727213189e-4,-9.484767050111066e-4
province,Shanxi,-28,0.9910180621254564,0.9925943595473408,0.001576297421884365,0.0015905839480903588
province,Sichuan_Chongqing,-28,0.9993334354977,NA,NA,NA
province,Tianjin,-28,0.9961617184687916,0.9954265200960648,-7.351983727268419e-4,-7.380311440364535e-4
province,Xinjiang,-28,0.9785464820244404,0.9832589904023992,0.0047125083779587795,0.004815824761036828
province,Xizang,-28,0.9502414342185272,0.9515888103774908,0.0013473761589635203,0.0014179303390107318
province,Yunnan,-28,0.9999976129808068,0.9999980430567283,4.300759215425387e-7,4.300769481444685e-7
province,Zhejiang,-28,0.9999604387081034,0.9998045287045498,-1.559100035535277e-4,-1.5591617179871163e-4
province,Anhui,-27,0.9996398785648736,0.9998833335266488,2.4345496177524684e-4,2.4354266670989692e-4
province,Beijing,-27,0.9928368949201954,0.9942481257607968,0.0014112308406013518,0.0014214125681890448
province,Fujian,-27,1,1,0,0
province,Gansu,-27,0.9889551768810668,0.993041171206958,0.004085994325891185,0.004131627419937731
province,Guangdong,-27,1,1,0,0
province,Guangxi,-27,1,1,0,0
province,Guizhou,-27,1,1,0,0
province,Hainan,-27,1,1,0,0
province,Hebei,-27,0.9934865644887853,0.994948041543922,0.0014614770551367728,0.0014710587011197275
province,Heilongjiang,-27,0.8783156219517849,0.895026742805215,0.016711120853430073,0.0190263277069976
province,Henan,-27,0.9990799517187684,0.999615260210952,5.353084921836393e-4,5.358014553917538e-4
province,Hubei,-27,0.9998936589495442,0.9999996167401028,1.0595779055866394e-4,1.0596905941975846e-4
province,Hunan,-27,0.9999972199501173,1,2.7800498827446063e-6,2.780057611443443e-6
province,Jiangsu,-27,0.9993961376951264,0.9992069963235072,-1.8914137161918365e-4,-1.8925565597581158e-4
province,Jiangxi,-27,1,1,0,0
province,Jilin,-27,0.9183294665538316,0.9255870455990142,0.007257579045182538,0.007903023162719243
province,Liaoning,-27,0.9568869740393116,0.97267952429552,0.015792550256208404,0.016504091585177752
province,Neimenggu,-27,0.913134837535456,0.9253279789674748,0.012193141432018773,0.013353056887992543
province,Ningxia,-27,0.9854027012043536,0.9906763125302764,0.005273611325922856,0.00535173215932682
province,Qinghai,-27,0.9501142071370527,0.9533376339783546,0.003223426841301835,0.0033926730250828257
province,Shaanxi,-27,0.997087575048669,0.9965565566604484,-5.31018388220561e-4,-5.325694567948472e-4
province,Shandong,-27,0.9981893963736904,0.9980688160966624,-1.205802770279929e-4,-1.2079899612843761e-4
province,Shanghai,-27,0.9993688496138976,0.9985888489429072,-7.800006709903773e-4,-7.80493279625163e-4
province,Shanxi,-27,0.98861041683915,0.9910383748508872,0.00242795801173723,0.0024559300310632542
province,Sichuan_Chongqing,-27,0.999167500446168,NA,NA,NA
province,Tianjin,-27,0.9953594445112232,0.9947102231739822,-6.492213372409905e-4,-6.522481308848124e-4
province,Xinjiang,-27,0.9733925617661542,0.9790155067142122,0.00562294494805804,0.005776646718828004
province,Xizang,-27,0.940168522342136,0.94195388989182,0.0017853675496840582,0.001898986731906715
province,Yunnan,-27,0.9999943279241128,0.9999960933361988,1.7654120859633693e-6,1.765422099571491e-6
province,Zhejiang,-27,0.9999381237786142,0.9997328412111788,-2.052825674354608e-4,-2.0529527033105727e-4
province,Anhui,-26,0.9995274150272392,0.9998329683016736,3.055532744343781e-4,3.056977425937348e-4
province,Beijing,-26,0.9908460600825952,0.9930682655667296,0.002222205484134321,0.002242735348767579
province,Fujian,-26,1,1,0,0
province,Gansu,-26,0.9858028192512978,0.990969883182277,0.00516706393097921,0.005241478143573901
province,Guangdong,-26,1,1,0,0
province,Guangxi,-26,1,1,0,0
province,Guizhou,-26,0.9999996887102282,1,3.1128977184824436e-7,3.112898687495966e-7
province,Hainan,-26,1,1,0,0
province,Hebei,-26,0.9921337662878482,0.9940140041223464,0.0018802378344981996,0.001895145491855667
province,Heilongjiang,-26,0.8666382816804071,0.8809852874516116,0.014347005771204513,0.016554779628919394
province,Henan,-26,0.9987517178726424,0.999463861259627,7.12143386984665e-4,7.130334539013781e-4
province,Hubei,-26,0.9998121434347348,0.999997818940596,1.8567550586123804e-4,1.8571039277775933e-4
province,Hunan,-26,0.9999915763495542,1,8.423650445843478e-6,8.423721404328041e-6
province,Jiangsu,-26,0.9992227896714512,0.9990092028791718,-2.1358679227934108e-4,-2.1375292325905552e-4
province,Jiangxi,-26,0.9999992881599225,1,7.118400775496525e-7,7.118405842663092e-7
province,Jilin,-26,0.9073293329511598,0.9128463340896796,0.005517001138519828,0.006080483610703237
province,Liaoning,-26,0.9495595047356462,0.9661236451790532,0.01656414044340704,0.017444025741197158
province,Neimenggu,-26,0.9018012756573892,0.9146464854847022,0.012845209827312964,0.014243947279791933
province,Ningxia,-26,0.9822186857615264,0.9878839417146902,0.005665255953163806,0.005767815289292183
province,Qinghai,-26,0.9408166492089592,0.9449357171745164,0.004119067965557166,0.0043781835376962
province,Shaanxi,-26,0.996333869171048,0.995792777320436,-5.410918506120188e-4,-5.43082863440353e-4
province,Shandong,-26,0.9975704141842214,0.9976050874174396,3.467323321815208e-5,3.475767998443162e-5
province,Shanghai,-26,0.9990712462438028,0.9985182000494706,-5.53046194332274e-4,-5.535603155546271e-4
province,Shanxi,-26,0.9858529214538364,0.9890483765925614,0.0031954551387249897,0.0032413102088419588
province,Sichuan_Chongqing,-26,0.998986093252852,NA,NA,NA
province,Tianjin,-26,0.9939482101839324,0.9936759139133744,-2.7229627055802563e-4,-2.739541836969922e-4
province,Xinjiang,-26,0.9675449932780052,0.974041883775983,0.0064968904979777475,0.006714820027094071
province,Xizang,-26,0.9288989735722626,0.9314993883517336,0.0026004147794710386,0.0027994592021892708
province,Yunnan,-26,0.9999891023018236,0.9999934690691928,4.3667673692571185e-6,4.366814957488517e-6
province,Zhejiang,-26,0.9998967012952134,0.9996635396611814,-2.3316163403197532e-4,-2.3318572181501356e-4
province,Anhui,-25,0.9994172550947154,0.9997813369040004,3.6408180928504397e-4,3.6429409981573687e-4
province,Beijing,-25,0.988295166027406,0.991512276630722,0.0032171106033159758,0.0032552123231034437
province,Fujian,-25,1,1,0,0
province,Gansu,-25,0.9821584828520952,0.9883866665766918,0.006228183724596659,0.006341322539424191
province,Guangdong,-25,1,1,0,0
province,Guangxi,-25,1,1,0,0
province,Guizhou,-25,0.9999899985030122,1,1.000149698782149e-5,1.0001597018763946e-5
province,Hainan,-25,1,1,0,0
province,Hebei,-25,0.9905056432312648,0.992849535446058,0.002343892214793253,0.002366359273983457
province,Heilongjiang,-25,0.8549402190179795,0.8672862399974572,0.01234602097947779,0.01444080030959235
province,Henan,-25,0.9983310273319674,0.9992840336358848,9.530063039173697e-4,9.545995043991293e-4
province,Hubei,-25,0.999699178312379,0.9999957040954583,2.9652578307937105e-4,2.9661501130764635e-4
province,Hunan,-25,0.9999657833129904,1,3.4216687009647195e-5,3.4217857831378754e-5
province,Jiangsu,-25,0.9990431791761528,0.9987966626739434,-2.465165022094151e-4,-2.4675260023565907e-4
province,Jiangxi,-25,0.9999946531743924,1,5.34682560759947e-6,5.346854196296407e-6
province,Jilin,-25,0.8960064916481696,0.89982620309459,0.0038197114464204596,0.0042630399244030556
province,Liaoning,-25,0.9416224662703198,0.9586183232470156,0.01699585697669581,0.01804954489246082
province,Neimenggu,-25,0.8901425795598977,0.9034839135240156,0.013341333964117852,0.01498786179930191
province,Ningxia,-25,0.9782623570224788,0.9842203343435636,0.005957977321084829,0.00609036755663279
province,Qinghai,-25,0.9304623250679273,0.9359516351812792,0.005489310113351964,0.005899551185966851
province,Shaanxi,-25,0.9954291180805248,0.9948835618187556,-5.4555626176922e-4,-5.480613856476393e-4
province,Shandong,-25,0.9968055242503308,0.9969952606455316,1.8973639520081242e-4,1.9034444591737971e-4
province,Shanghai,-25,0.998732769280774,0.9983916278281176,-3.411414526564016e-4,-3.415743061100025e-4
province,Shanxi,-25,0.9826540720110182,0.986659167586896,0.004005095575877804,0.0040757940051897494
province,Sichuan_Chongqing,-25,0.998786957380904,NA,NA,NA
province,Tianjin,-25,0.991754123033936,0.9924406653672766,6.865423333406451e-4,6.922505461740872e-4
province,Xinjiang,-25,0.9608675523517036,0.9682144858355696,0.007346933483865947,0.007646145887520583
province,Xizang,-25,0.9165792012445452,0.9202307161285884,0.00365151488404325,0.00398385090899419
province,Yunnan,-25,0.9999767482244272,0.9999879294113538,1.1181186926667586e-5,1.1181446915161837e-5
province,Zhejiang,-25,0.9998546127903064,0.9995868009096788,-2.6781188062763306e-4,-2.678508227113612e-4
province,Anhui,-24,0.999291179727436,0.9997263999510312,4.3522022359521184e-4,4.355289353338647e-4
province,Beijing,-24,0.9850896447566442,0.9895851627522568,0.004495517995612652,0.004563562331145224
province,Fujian,-24,0.9999977153502932,1,2.2846497067519067e-6,2.2846549263881144e-6
province,Gansu,-24,0.9779018174087278,0.9853106327721692,0.007408815363441401,0.007576236419187247
province,Guangdong,-24,1,1,0,0
province,Guangxi,-24,1,1,0,0
province,Guizhou,-24,0.9999634648157124,1,3.6535184287589395e-5,3.653651915604999e-5
province,Hainan,-24,1,1,0,0
province,Hebei,-24,0.9885620676103556,0.991395055268711,0.0028329876583553792,0.0028657660972199158
province,Heilongjiang,-24,0.8433614033205852,0.8536189756497357,0.010257572329150477,0.01216272441300149
province,Henan,-24,0.9978258512000991,0.9990398527441144,0.0012140015440152974,0.001216646715010641
province,Hubei,-24,0.9995660028355692,0.99998326711487,4.172642793007775e-4,4.1744544944213993e-4
province,Hunan,-24,0.9999128019313528,1,8.719806864720958e-5,8.7205672813454e-5
province,Jiangsu,-24,0.9988209988864528,0.998537673455088,-2.8332543136477817e-4,-2.83659866663443e-4
province,Jiangxi,-24,0.9999921251643844,1,7.874835615595543e-6,7.874897629119862e-6
province,Jilin,-24,0.8841939211840271,0.8871229261838754,0.0029290049998483836,0.0033126273882613253
province,Liaoning,-24,0.932981583774107,0.9503546502071364,0.017373066433029383,0.01862101753686463
province,Neimenggu,-24,0.8777372985078138,0.8918731273078275,0.014135828800013739,0.01610485144478328
province,Ningxia,-24,0.9733141126931196,0.979774738651582,0.006460625958462418,0.006637760486782766
province,Qinghai,-24,0.9189748290867256,0.9259938757148282,0.007019046628102599,0.007637909555235704
province,Shaanxi,-24,0.994282223508006,0.9937877112566768,-4.945122513292377e-4,-4.973560218994058e-4
province,Shandong,-24,0.9959057098252444,0.9962315949122864,3.2588508704201047e-4,3.272248404913703e-4
province,Shanghai,-24,0.9985392235376346,0.9982862265232793,-2.529970143553273e-4,-2.5336712709091885e-4
province,Shanxi,-24,0.9788234325217502,0.9839063258408918,0.005082893319141579,0.005192860275163707
province,Sichuan_Chongqing,-24,0.9985671902602244,NA,NA,NA
province,Tianjin,-24,0.989708012513946,0.990515348870144,8.073363561980074e-4,8.157318582753529e-4
province,Xinjiang,-24,0.953316635365273,0.9617396341416852,0.008422998776412172,0.00883546815815798
province,Xizang,-24,0.9034707118166722,0.9081117594843122,0.004641047667640064,0.005136909926286357
province,Yunnan,-24,0.9999630018446078,0.9999755615009038,1.25596562959851e-5,1.2560120997293502e-5
province,Zhejiang,-24,0.9997642919684416,0.9995126985562196,-2.515934122220287e-4,-2.516527287913684e-4
province,Anhui,-23,0.9990606729170436,0.9996054044161976,5.447314991540164e-4,5.452436612918782e-4
province,Beijing,-23,0.9813364273021354,0.987473172320968,0.006136745018832546,0.006253456865657709
province,Fujian,-23,0.9999943602300094,1,5.639769990573029e-6,5.639801797757961e-6
province,Gansu,-23,0.9729150653650704,0.9814319576291088,0.0085168922640384,0.008753993608725317
province,Guangdong,-23,0.9999998763910576,1,1.2360894241503217e-7,1.236089576942047e-7
province,Guangxi,-23,1,1,0,0
province,Guizhou,-23,0.999912179547195,0.9999952248879488,8.304534075376235e-5,8.305263447372848e-5
province,Hainan,-23,1,1,0,0
province,Hebei,-23,0.9862790237190096,0.9896373247679804,0.0033583010489708354,0.0034050212649839482
province,Heilongjiang,-23,0.8316336440688414,0.8403739700907514,0.008740326021909994,0.010509827355164677
province,Henan,-23,0.9971897803823117,0.9987685476755824,0.0015787672932707775,0.0015832164792798974
province,Hubei,-23,0.9993964467716564,0.9999470385201352,5.505917484788236e-4,5.509242605948785e-4
province,Hunan,-23,0.999816214847844,0.999999756396843,1.835415489990222e-4,1.8357528741115114e-4
province,Jiangsu,-23,0.9985269612069012,0.9981840469727972,-3.429142341040414e-4,-3.434201052413921e-4
province,Jiangxi,-23,0.999978612322984,0.9999997840557028,2.117173271876105e-5,2.1172185542627157e-5
province,Jilin,-23,0.8723534046498721,0.8744252803225168,0.002071875672644663,0.0023750416535328724
province,Liaoning,-23,0.9237220643520652,0.940994862723219,0.017272798371153808,0.018699129356912814
province,Neimenggu,-23,0.8648137772914769,0.8795377379012621,0.014723960609785203,0.017025585156493914
province,Ningxia,-23,0.9672719062750424,0.974131469700718,0.006859563425675508,0.0070916599367510215
province,Qinghai,-23,0.9070769958329424,0.9151833017600516,0.008106305927109148,0.008936734107853063
province,Shaanxi,-23,0.9928640876403187,0.9924687778678364,-3.953097724823662e-4,-3.981509427155085e-4
province,Shandong,-23,0.9948654562021552,0.995245802941084,3.803467389288384e-4,3.8230972495596684e-4
province,Shanghai,-23,0.998145363541065,0.998001026693546,-1.443368475190221e-4,-1.4460503729333196e-4
province,Shanxi,-23,0.9745886696502212,0.980687860389948,0.006099190739726867,0.006258220446904908
province,Sichuan_Chongqing,-23,0.9983290991172042,NA,NA,NA
province,Tianjin,-23,0.986673244778777,0.988017211131118,0.0013439663523409084,0.0013621189785502296
province,Xinjiang,-23,0.94487256660257,0.954412971346417,0.009540404743846986,0.010097027981403812
province,Xizang,-23,0.8891000254945063,0.8949243830253899,0.005824357530883617,0.006550846208382664
province,Yunnan,-23,0.9999414238067388,0.9999619980270664,2.0574220327640447e-5,2.057542555774435e-5
province,Zhejiang,-23,0.999669199388028,0.9994194451937396,-2.497541942884096e-4,-2.4983684046812963e-4
province,Anhui,-22,0.998783153689634,0.9994039705248248,6.208168351907739e-4,6.215731942388059e-4
province,Beijing,-22,0.9770067840642356,0.984575120145736,0.007568336081500426,0.0077464519233090895
province,Fujian,-22,0.9999917803126244,1,8.21968737563239e-6,8.219754939448295e-6
province,Gansu,-22,0.9671220392214224,0.9767988092381982,0.009676770016775804,0.01000573828776154
province,Guangdong,-22,0.9999980173661662,1,1.9826338337747273e-06,1.9826377646194395e-6
province,Guangxi,-22,1,1,0,0
province,Guizhou,-22,0.9998441175394948,0.9999867443358068,1.4262679631205089e-4,1.4264903279427154e-4
province,Hainan,-22,1,1,0,0
province,Hebei,-22,0.983612682339808,0.9875248160166832,0.003912133676875151,0.00397731113792576
province,Heilongjiang,-22,0.8198035822173045,0.8275269026894589,0.007723320472154405,0.009420940136984168
province,Henan,-22,0.9964087436659202,0.9983657870036208,0.001957043337700526,0.0019640969131807327
province,Hubei,-22,0.9992070207097296,0.9998905719748358,6.835512651062192e-4,6.8409373727248e-4
province,Hunan,-22,0.9996829087316343,0.999987268977267,3.0436024563262887e-4,3.0445678622113424e-4
province,Jiangsu,-22,0.998131064574551,0.9977464474592144,-3.8461711533666065e-4,-3.853372858409151e-4
province,Jiangxi,-22,0.9999548078054188,0.9999979756500892,4.31678446703998e-5,4.316979560820296e-5
province,Jilin,-22,0.8605433806353094,0.8616688589941285,0.0011254783588190431,0.0013078694045477886
province,Liaoning,-22,0.9142953764276428,0.9307158834097912,0.016420506982148364,0.01795973971377496
province,Neimenggu,-22,0.851356261203557,0.8668982312998893,0.015541970096332292,0.018255542132691555
province,Ningxia,-22,0.9602811012598816,0.9669410961399358,0.006659994880054199,0.006935463867107595
province,Qinghai,-22,0.8944609876939889,0.9036724266872072,0.009211438993218302,0.01029831274918577
province,Shaanxi,-22,0.9911776249381408,0.9909156858224182,-2.61939115722587e-4,-2.642706101632738e-4
province,Shandong,-22,0.993505233325616,0.9940220193841164,5.167860585003625e-4,5.201644049427857e-4
province,Shanghai,-22,0.99788055769871,0.9975101823325634,-3.703753661465914e-4,-3.711620226380027e-4
province,Shanxi,-22,0.9698467597117856,0.976939412591276,0.0070926528794904575,0.007313168609851538
province,Sichuan_Chongqing,-22,0.998072520463865,NA,NA,NA
province,Tianjin,-22,0.9832813320505748,0.9851981055418286,0.0019167734912538537,0.001949364265114783
province,Xinjiang,-22,0.9354481254057466,0.9463548133421787,0.010906687936432125,0.011659318822945307
province,Xizang,-22,0.8736833865792742,0.8807121927788606,0.007028806199586346,0.00804502673114362
province,Yunnan,-22,0.9999121811350924,0.9999392849072556,2.710377216319504e-5,2.710615259474792e-5
province,Zhejiang,-22,0.9995528696501148,0.9992966049244508,-2.562647256639794e-4,-2.563793606572134e-4
province,Anhui,-21,0.998348053513755,0.9990585656245726,7.105121108176293e-4,7.116877809466677e-4
province,Beijing,-21,0.9716800794530588,0.9810383324398476,0.009358252986788829,0.009631002203993336
province,Fujian,-21,0.9999856752100436,1,1.4324789956443595e-5,1.4324995158990375e-5
province,Gansu,-21,0.9604293900418832,0.9713960004607862,0.010966610418903011,0.011418445262722302
province,Guangdong,-21,0.9999951149386406,1,4.885061359427567e-6,4.885085223368629e-6
province,Guangxi,-21,0.9999951260794372,1,4.873920562808998e-6,4.873944318026431e-6
province,Guizhou,-21,0.9997605385725038,0.9999590590173512,1.9852044484736098e-4,1.985679942227126e-4
province,Hainan,-21,1,1,0,0
province,Hebei,-21,0.980519421744109,0.9850010505845604,0.004481628840451446,0.004570668098016562
province,Heilongjiang,-21,0.8076847918927198,0.8148181264040081,0.007133334511288281,0.00883182967277631
province,Henan,-21,0.9954424519808862,0.9977877072255678,0.0023452552446815433,0.0023559927949773386
province,Hubei,-21,0.9989288119869144,0.999795973285954,8.671612990396316e-4,8.680911879143907e-4
province,Hunan,-21,0.9994755197572504,0.9999637825897788,4.8826283252845215e-4,4.885190511189709e-4
province,Jiangsu,-21,0.9976191728095516,0.9972556671296396,-3.6350567991194627e-4,-3.643731895089997e-4
province,Jiangxi,-21,0.9999100960298778,0.99998967862429,7.958259441220861e-5,7.958974984670086e-5
province,Jilin,-21,0.8487739293613434,0.8488966821061082,1.2275274476480913e-4,1.446236041405913e-4
province,Liaoning,-21,0.9043625522065244,0.919672652377176,0.015310100170651597,0.016929162019476578
province,Neimenggu,-21,0.8373700084608909,0.8538919803291096,0.016521971868218688,0.019730790094317475
province,Ningxia,-21,0.9520208848187052,0.9586395134365076,0.00661862861780238,0.006952188469124578
province,Qinghai,-21,0.8809444709703879,0.8916916200990559,0.010747149128668032,0.012199576117243476
province,Shaanxi,-21,0.9890593770636285,0.9891385488407464,7.917177711791457e-5,8.004754714824494e-5
province,Shandong,-21,0.991788487235562,0.9925489234946516,7.604362590896141e-4,7.667322910847634e-4
province,Shanghai,-21,0.9975974978491438,0.9970406570210324,-5.568408281113602e-4,-5.581818612335426e-4
province,Shanxi,-21,0.9643949006543874,0.9725742255253684,0.008179324870981053,0.008481302488670352
province,Sichuan_Chongqing,-21,0.9977969809982216,NA,NA,NA
province,Tianjin,-21,0.9797427463950028,0.9817708440583734,0.0020280976633706427,0.0020700308023030513
province,Xinjiang,-21,0.925037492946938,0.9374709562789384,0.01243346333200035,0.013441037176115365
province,Xizang,-21,0.8575487994003829,0.8655552964157016,0.008006497015318748,0.009336491428729266
province,Yunnan,-21,0.9998764666776576,0.999908968326794,3.250164913637388e-5,3.2505664669125404e-5
province,Zhejiang,-21,0.9993936881487462,0.9991570921990134,-2.3659594973279852e-4,-0.00023673948768984461
province,Anhui,-20,0.9978232667033462,0.998614531650148,7.912649468018174e-4,7.929910768828175e-4
province,Beijing,-20,0.9658815473456426,0.9768136191847648,0.01093207183912226,0.0113182324159364
province,Fujian,-20,0.9999704086812125,1,2.9591318787547394e-5,2.959219445960727e-5
province,Gansu,-20,0.952874303150427,0.9651780337040798,0.012303730553652859,0.012912228310674163
province,Guangdong,-20,0.9999837404280432,0.9999997723832972,1.6031955254014463e-5,1.603221593098302e-5
province,Guangxi,-20,0.9999775380940872,1,2.246190591281838e-5,2.246241046136874e-5
province,Guizhou,-20,0.9996609702651617,0.9998809388469588,2.1996858179718082e-4,2.2004318297915923e-4
province,Hainan,-20,1,1,0,0
province,Hebei,-20,0.976891527298384,0.9819473138371968,0.005055786538812779,0.005175381705678902
province,Heilongjiang,-20,0.7955824232178547,0.8023988742436151,0.0068164510257604505,0.008567875341174926
province,Henan,-20,0.9942486195183874,0.9970388588456444,0.0027902393272569714,0.0028063798857558982
province,Hubei,-20,0.998600965702102,0.9996600504303904,0.0010590847282884175,0.001060568499995181
province,Hunan,-20,0.9992410473711943,0.9998908048811104,6.497575099160269e-4,6.502510196367638e-4
province,Jiangsu,-20,0.9969357363935654,0.9966481564531804,-2.8757994038497436e-4,-2.8846386972273706e-4
province,Jiangxi,-20,0.9998226400861632,0.9999676503251248,1.4501023896162923e-4,1.4503596252744635e-4
province,Jilin,-20,0.8365488707559938,0.8357832563372171,-7.656144187767611e-4,-9.152058481471275e-4
province,Liaoning,-20,0.8938314788970054,0.9079272480006654,0.01409576910365995,0.015770052226236463
province,Neimenggu,-20,0.8230149301548825,0.8404475469125667,0.01743261675768426,0.021181410104435933
province,Ningxia,-20,0.9426646031521638,0.9487977226994934,0.006133119547329535,0.006506152375745389
province,Qinghai,-20,0.866823070791455,0.8787306228680053,0.011907552076550254,0.013737004098977237
province,Shaanxi,-20,0.9865682542234214,0.9870655069847772,4.972527613558153e-4,5.040226656666837e-4
province,Shandong,-20,0.989493172831001,0.990777940714178,0.001284767883176996,0.001298410053200464
province,Shanghai,-20,0.9972141717560884,0.9965885728530736,-6.255989030148346e-4,-6.27346582844043e-4
province,Shanxi,-20,0.958124932905386,0.96764993189503,0.009524998989643985,0.009941291226772167
province,Sichuan_Chongqing,-20,0.997505393891978,NA,NA,NA
province,Tianjin,-20,0.9755104297881968,0.9776607763918898,0.002150346603692954,0.0022043296904163683
province,Xinjiang,-20,0.91373747804688,0.9276409828336908,0.013903504786810794,0.01521608243160785
province,Xizang,-20,0.8406726251309801,0.8496632936120042,0.008990668481024144,0.01069461311366403
province,Yunnan,-20,0.99982681928976,0.9998697203712076,4.2901081447555e-5,4.2908512374203303e-5
province,Zhejiang,-20,0.9991936513360358,0.9990168212005044,-1.768301355313806e-4,-1.7697283734232955e-4
province,Anhui,-19,0.9971922504699626,0.9980382365046222,8.459860346595738e-4,8.483680396241272e-4
province,Beijing,-19,0.95881593331286,0.971770374574404,0.012954441261543992,0.013510873997248209
province,Fujian,-19,0.9999411498428684,0.9999990469583908,5.78971155223984e-5,5.790052297727361e-5
province,Gansu,-19,0.9443762641747584,0.9580505918727242,0.013674327697965838,0.014479745220952928
province,Guangdong,-19,0.9999653131995324,0.999998702625133,3.3389425600605094e-5,3.339058381312332e-5
province,Guangxi,-19,0.999924303228659,0.9999993757406506,7.507251199156961e-5,7.507819516854199e-5
province,Guizhou,-19,0.9995248878868802,0.9997796026033804,2.5471471650018174e-4,2.5483579207185154e-4
province,Hainan,-19,1,1,0,0
province,Hebei,-19,0.9725147718772726,0.9781424039289968,0.0056276320517241185,0.005786680279273231
province,Heilongjiang,-19,0.7831876989504027,0.789711920470936,0.006524221520533224,0.00833034217630937
province,Henan,-19,0.9928069617988924,0.9961065591320784,0.0032995973331859663,0.0033235034202493316
province,Hubei,-19,0.9980956823421386,0.9994497256823068,0.0013540433401681984,0.0013566267885166984
province,Hunan,-19,0.998951168756132,0.9997622471255698,8.110783694378343e-4,8.119299469340108e-4
province,Jiangsu,-19,0.9960440466601044,0.9958337420758996,-2.1030458420479015e-4,-2.111398435741624e-4
province,Jiangxi,-19,0.9997134105753516,0.9999194994787076,2.060889033560498e-4,2.0614798318794407e-4
province,Jilin,-19,0.824519005948932,0.8225330243396929,-0.001985981609239129,-0.0024086547367740537
province,Liaoning,-19,0.8827210381208757,0.8960783053126492,0.013357267191773547,0.015131923467246587
province,Neimenggu,-19,0.8084219910443657,0.8266807283587319,0.018258737314366114,0.022585651450152205
province,Ningxia,-19,0.9316603860427904,0.9373657763409984,0.005705390298207935,0.006123894912438502
province,Qinghai,-19,0.8518903780894985,0.8650806452417374,0.013190267152238921,0.015483526391999193
province,Shaanxi,-19,0.9836770611634118,0.9847479409049285,0.0010708797415166504,0.0010886497040503338
province,Shandong,-19,0.98659122246580655,0.9885291019713052,0.0019378795054986186,0.00196421725773643
province,Shanghai,-19,0.9966312619216432,0.9960360407128634,-5.952212087797504e-4,-5.972331307690283e-4
province,Shanxi,-19,0.95125846639244,0.9619138700308438,0.010655403638403782,0.011201375877171866
province,Sichuan_Chongqing,-19,0.9972022501442784,NA,NA,NA
province,Tianjin,-19,0.9707417974993924,0.9724457500229468,0.001703952523554375,0.0017553097311187342
province,Xinjiang,-19,0.9018795893192024,0.9169628709112664,0.015083281592063957,0.01672427424979182
province,Xizang,-19,0.8233085432918543,0.8331984728132255,0.009889929521371132,0.012012421833773265
province,Yunnan,-19,0.9997660108025004,0.9998189427383218,5.293193582145417e-5,5.294432422139089e-5
province,Zhejiang,-19,0.99893595781401,0.9988692650451246,-6.669276888537912e-5,-6.67638083940077e-5
province,Anhui,-18,0.996270072033477,0.9973307380399364,0.0010606660064594875,0.0010646370258765002
province,Beijing,-18,0.9505114498557576,0.9648664726113382,0.014355022755580538,0.015102419605528104
province,Fujian,-18,0.9999065651729768,0.9999909891810772,8.442400810038109e-5,8.443189698007066e-5
province,Gansu,-18,0.9350286558206016,0.9498358306039972,0.01480717478339566,0.01583606522775557
province,Guangdong,-18,0.9999350856065442,0.9999976069256182,6.252131907402703e-5,6.252537787100712e-5
province,Guangxi,-18,0.9998526261697324,0.9999977097328616,1.4508356312925574e-4,1.45104947801204e-4
province,Guizhou,-18,0.9993590163105164,0.9996010422391806,2.4202592866418016e-4,2.4218116283946043e-4
province,Hainan,-18,1,1,0,0
province,Hebei,-18,0.9671888564590084,0.9732022455487064,0.006013389089697951,0.006217388723556713
province,Heilongjiang,-18,0.7707591665815903,0.7767064644830244,0.005947297901434112,0.0077161559139297614
province,Henan,-18,0.9910052799142208,0.9949518536379948,0.0039465737237739384,0.003982394245281463
province,Hubei,-18,0.997466253931664,0.9991167842115602,0.0016505302798962562,0.001654722927608269
province,Hunan,-18,0.9985974303770976,0.9995493625297104,9.519321526128e-4,9.532691790057225e-4
province,Jiangsu,-18,0.994845310477162,0.9948724265695584,2.7116092396473057e-5,2.7256591663951503e-5
province,Jiangxi,-18,0.9995690381001991,0.9998403788997502,2.713407995510453e-4,2.7145778751486843e-4
province,Jilin,-18,0.8123405051287612,0.8089160902587866,-0.003424414869974579,-0.0042154919622428375
province,Liaoning,-18,0.870940525881707,0.8834676768233286,0.012527150941621601,0.014383474610897904
province,Neimenggu,-18,0.793424589072843,0.8125114292784791,0.019086840205636113,0.02405627512494925
province,Ningxia,-18,0.9194026139962932,0.924388320374355,0.004985706378061838,0.0054227672427326155
province,Qinghai,-18,0.8368260667100688,0.850478116310051,0.01365204959998223,0.016314082630879842
province,Shaanxi,-18,0.9801785603603492,0.982044669695283,0.0018661093349338076,0.0019038463096435797
province,Shandong,-18,0.9828566398423978,0.9858072680493564,0.002950628206958572,0.003002094188865335
province,Shanghai,-18,0.9960495150606148,0.995410213806192,-6.393012544227972e-4,-6.418368211181674e-4
province,Shanxi,-18,0.9433593841296628,0.9552532304603798,0.011893846330716995,0.012607969487355214
province,Sichuan_Chongqing,-18,0.9968612631301228,NA,NA,NA
province,Tianjin,-18,0.9636379876777594,0.965545237147569,0.0019072494698095799,0.001979217812288409
province,Xinjiang,-18,0.8892280243655102,0.9056250371035212,0.016397012738010974,0.018439604115840495
province,Xizang,-18,0.8053406274874884,0.8165450814775432,0.011204453990054875,0.013912689373452658
province,Yunnan,-18,0.9996870032823746,0.9997696976148772,8.269433250263081e-5,8.272022366111798e-5
province,Zhejiang,-18,0.9986524184928978,0.9986866181789076,3.419968600981704e-5,3.4245835063844355e-5
province,Anhui,-17,0.9949763001957228,0.9963545720965472,0.0013782719008244015,0.0013852308849500036
province,Beijing,-17,0.940915945995672,0.956067226306327,0.015151280310655046,0.01610269267423462
province,Fujian,-17,0.9998678798921709,0.9999763098718536,1.0842997968274481e-4,1.0844430735632619e-4
province,Gansu,-17,0.9245363390391949,0.9401791253527376,0.015642786313542767,0.016919601375322044
province,Guangdong,-17,0.9998813772801348,0.9999932638319436,1.1188655180882634e-4,1.1189982567049982e-4
province,Guangxi,-17,0.9997344607452008,0.9999897008378896,2.552400926888465e-4,2.5530788695489286e-4
province,Guizhou,-17,0.9991347334427552,0.9993731061850368,2.3837274228166727e-4,2.3857917686466326e-4
province,Hainan,-17,1,1,0,0
province,Hebei,-17,0.960493894938483,0.9668831533412516,0.006389258402768605,0.006652055194143446
province,Heilongjiang,-17,0.757913133902057,0.7629609868182268,0.005047852916169826,0.006660199817598287
province,Henan,-17,0.9887476435621144,0.9935409724673095,0.004793328905195127,0.004847878967302948
province,Hubei,-17,0.9966327985250464,0.9986760154874376,0.002043216962391181,0.002050120129916468
province,Hunan,-17,0.9981495225481866,0.9992551179085654,0.0011055953603787971,0.0011076450325361183
province,Jiangsu,-17,0.9932628700517828,0.9935917617947648,3.288917429820071e-4,3.3112255868867886e-4
province,Jiangxi,-17,0.999346509860518,0.99968719790971,3.406880491919617e-4,3.409108310585011e-4
province,Jilin,-17,0.7995314300004968,0.7947593959857893,-0.0047720340147074936,-0.005968538365908303
province,Liaoning,-17,0.8582985624912574,0.8701421268679603,0.011843564376702975,0.013798886418178773
province,Neimenggu,-17,0.7780075680465943,0.797581738678054,0.01957417063145972,0.025159357614741657
province,Ningxia,-17,0.9052720268809448,0.9097495045820396,0.004477477701094856,0.00494600249222514
province,Qinghai,-17,0.8215256097226147,0.8349339943723284,0.013408384649713723,0.0163213227816976
province,Shaanxi,-17,0.9760441848655728,0.9788676842248594,0.0028234993592866076,0.0028927987104144046
province,Shandong,-17,0.9779619732919684,0.9823850218783332,0.004423048586364775,0.004522720419768595
province,Shanghai,-17,0.9950541879924516,0.9946909050139878,-3.632829784637748e-4,-3.6508863823457485e-4
province,Shanxi,-17,0.9344653800605186,0.9472787606847214,0.012813380624202786,0.013711990724977908
province,Sichuan_Chongqing,-17,0.9964854984941226,NA,NA,NA
province,Tianjin,-17,0.9554681284879754,0.956643134016308,0.0011750055283326066,0.0012297694640971944
province,Xinjiang,-17,0.8760557134620195,0.8932851247538796,0.017229411291860064,0.01966702691062014
province,Xizang,-17,0.7871592677008117,0.7996294814884787,0.012470213787666995,0.01584204658364862
province,Yunnan,-17,0.9995780693425054,0.9997109947080626,1.3292536555720158e-4,1.3298147451817964e-4
province,Zhejiang,-17,0.9982739562170856,0.998414572153204,1.406159361183601e-4,1.4085906503182543e-4
province,Anhui,-16,0.9934503304114218,0.9951686838483086,0.0017183534368867548,0.0017296822843424148
province,Beijing,-16,0.9309251307163636,0.9464071494544264,0.015482018738062764,0.016630788263443993
province,Fujian,-16,0.9998107123290444,0.999954842567827,1.4413023878256936e-4,1.4415752602492136e-4
province,Gansu,-16,0.9130815992256144,0.9291327067509494,0.016051107525335007,0.017579050480206776
province,Guangdong,-16,0.9997967554871814,0.9999833057804828,1.8655029330139072e-4,1.8658821633251693e-4
province,Guangxi,-16,0.9995793190649088,0.9999717724727688,3.9245340785998284e-4,3.9261857500925187e-4
province,Guizhou,-16,0.998832664045944,0.999110706710435,2.7804266449105164e-4,2.783676130141678e-4
province,Hainan,-16,1,1,0,0
province,Hebei,-16,0.9521008324842776,0.9589133804549442,0.00681254797066666,0.007155279922286129
province,Heilongjiang,-16,0.7445288342353937,0.7487835440585997,0.004254709823205971,0.0057146340444630545
province,Henan,-16,0.98581921079842,0.9917537184932872,0.005934507694867142,0.006019874262808039
province,Hubei,-16,0.9956277848688992,0.9981219398887692,0.002494155019869937,0.0025051078904937936
province,Hunan,-16,0.9975739030308872,0.9988618575339228,0.0012879545030355377,0.001291086804819572
province,Jiangsu,-16,0.9912210353304076,0.9919629869458568,7.419516154492101e-4,7.485228712906525e-4
province,Jiangxi,-16,0.9989974710334648,0.9994807940738633,4.833230403984423e-4,4.838080720048707e-4
province,Jilin,-16,0.7861454800488987,0.780206956089281,-0.005938523959617692,-0.007553975835679056
province,Liaoning,-16,0.8452249909215253,0.8558273917776471,0.010602400856121852,0.01254387999645201
province,Neimenggu,-16,0.7622703489157558,0.7822765532810436,0.020006204365287772,0.026245549749828727
province,Ningxia,-16,0.8897752322088797,0.8938663595925649,0.0040911273836852224,0.004597933540506562
province,Qinghai,-16,0.8057565604099282,0.8187868171737613,0.013030256763833181,0.016171456000561815
province,Shaanxi,-16,0.9711580637707606,0.9750486694325158,0.003890605661755142,0.0040061508078807545
province,Shandong,-16,0.9714062967848752,0.9779185772410968,0.006512280456221542,0.006703971837299849
province,Shanghai,-16,0.9937802436381802,0.993583326827281,-1.9691681089917257e-4,-1.9814925096344228e-4
province,Shanxi,-16,0.924084837457534,0.9376261935636324,0.013541356106098412,0.014653801855850385
province,Sichuan_Chongqing,-16,0.9960688438823208,NA,NA,NA
province,Tianjin,-16,0.9450352312242036,0.945705974453912,6.707432297083926e-4,7.097547345822317e-4
province,Xinjiang,-16,0.8624419167955991,0.8801618375266526,0.01771992073105344,0.02054621927108061
province,Xizang,-16,0.7688944903350621,0.7826192179908077,0.013724727655745617,0.017849949282072206
province,Yunnan,-16,0.99942968645361,0.9996391656551726,2.0947920156266786e-4,2.0959873856257635e-4
province,Zhejiang,-16,0.9978538453152224,0.9980367102919888,1.828649767664503e-4,1.8325827737696715e-4
province,Anhui,-15,0.9915248799565356,0.9935714020502686,0.0020465220937330164,0.00206401486750663
province,Beijing,-15,0.920043687397581,0.9351092153432896,0.01506552794570859,0.01637479627551456
province,Fujian,-15,0.9997162363533968,0.999918601516562,2.023651631651857e-4,2.0242260334126473e-4
province,Gansu,-15,0.9003379826117933,0.9165662992747696,0.016228316662976305,0.01802469403312246
province,Guangdong,-15,0.9997042331269056,0.9999540546026882,2.498214757825634e-4,2.498953865596469e-4
province,Guangxi,-15,0.9994388969786452,0.9999297542937584,4.908573151132245e-4,4.911328912623985e-4
province,Guizhou,-15,0.9984548667164794,0.998747716011124,2.9284929464457043e-4,2.933024860779488e-4
province,Hainan,-15,1,1,0,0
province,Hebei,-15,0.9418440086994077,0.9492558663727606,0.007411857673352951,0.007869517250088987
province,Heilongjiang,-15,0.7306658985750869,0.7337875203757543,0.00312162180066744,0.00427229710152765
province,Henan,-15,0.9821122653720672,0.9893063955603704,0.007194130188303172,0.007325160719358005
province,Hubei,-15,0.9943538662292036,0.9974583138345232,0.0031044476053195824,0.003122075259879355
province,Hunan,-15,0.9968419559789696,0.9983155191891618,0.001473563210192208,0.0014782315304386082
province,Jiangsu,-15,0.9884635278521138,0.9898829012976724,0.001419373445558647,0.0014359391171901719
province,Jiangxi,-15,0.9986029690180208,0.9992230344649708,6.200654469500355e-4,6.209329094622848e-4
province,Jilin,-15,0.7719659155688334,0.7649693828982091,-0.006996532670624278,-0.00906326630427561
province,Liaoning,-15,0.8317558943156141,0.8410173947771907,0.009261500461576588,0.011134878063229285
province,Neimenggu,-15,0.7464271074113885,0.7664572155199769,0.020030108108588407,0.026834647227715086
province,Ningxia,-15,0.8729918868953399,0.8775313777418505,0.004539490846510619,0.005199923292133462
province,Qinghai,-15,0.7895474196836492,0.8022303628362895,0.012682943152640291,0.016063561017933554
province,Shaanxi,-15,0.9655569025123398,0.9705798341959652,0.005022931683625331,0.0052021084107584615
province,Shandong,-15,0.9632321649111576,0.97203949645548,0.00880733154432245,0.009143518940872144
province,Shanghai,-15,0.99172379311196,0.991855108134386,1.3131502242602622e-4,1.3241088228202014e-4
province,Shanxi,-15,0.9122160585182668,0.9264016803040778,0.014185621785810953,0.015550725788420103
province,Sichuan_Chongqing,-15,0.995596106012032,NA,NA,NA
province,Tianjin,-15,0.9327565045744688,0.9324995204283018,-2.569841461670386e-4,-2.7551043054293884e-4
province,Xinjiang,-15,0.8485219312991344,0.8665587651636334,0.018036833864498947,0.02125676803295296
province,Xizang,-15,0.7511506136299442,0.76553533741129,0.01438472378134581,0.01915025232001271
province,Yunnan,-15,0.9992538047156838,0.9995391171603648,2.8531244468099626e-4,2.8552550246448724e-4
province,Zhejiang,-15,0.9973075769415491,0.9975916827043008,2.841057627516186e-4,2.8487276074136317e-4
province,Anhui,-14,0.9888963325581052,0.9912908077291972,0.0023944751710920364,0.0024213611601712993
province,Beijing,-14,0.9069439311143032,0.9224202677091584,0.015476336594855256,0.017064270528653832
province,Fujian,-14,0.9996102701237052,0.9998699397259796,2.5966960227441493e-4,2.597708427328182e-4
province,Gansu,-14,0.8868955636548311,0.902385135613616,0.015489571958784865,0.01746493340766469
province,Guangdong,-14,0.9995803528710584,0.999909465446908,3.29112575849555e-4,3.292507449793875e-4
province,Guangxi,-14,0.9992300346092086,0.9998720458250115,6.420112158029845e-4,6.425059231271709e-4
province,Guizhou,-14,0.9980060292791632,0.9983139454299992,3.079161508360295e-4,3.085313533210118e-4
province,Hainan,-14,1,1,0,0
province,Hebei,-14,0.9297394822425435,0.9376539222677052,0.007914440025161618,0.008512535152397624
province,Heilongjiang,-14,0.716334955853462,0.7183817524168027,0.002046796563340725,0.002857317720733191
province,Henan,-14,0.9774383497956008,0.9859191995751518,0.008480849779550992,0.008676608382845305
province,Hubei,-14,0.9928380809230648,0.9965446420093232,0.003706561086258442,0.0037332986692174067
province,Hunan,-14,0.996024946458706,0.9976429408298289,0.0016179943711228661,0.001624451653420456
province,Jiangsu,-14,0.984594675062864,0.9868388034687336,0.0022441284058696276,0.0022792408518016263
province,Jiangxi,-14,0.9980548332829448,0.9988571804459828,8.023471630380641e-4,8.039109037715584e-4
province,Jilin,-14,0.7571415784898767,0.749595476533165,-0.007546101956711682,-0.009966566585555142
province,Liaoning,-14,0.8176460700004826,0.82566372707696,0.008017657076477391,0.009805779506128683
province,Neimenggu,-14,0.7306595371787773,0.7505382021764216,0.019878664997644346,0.027206467562717173
province,Ningxia,-14,0.855592007816382,0.8611874400817994,0.005595432265417366,0.006539836995085861
province,Qinghai,-14,0.7731690263374162,0.7851470711955303,0.011978044858114045,0.015492142662330016
province,Shaanxi,-14,0.958957595144432,0.9651726032739872,0.006215008129555222,0.006481004124712269
province,Shandong,-14,0.9532793125932942,0.9644375820971802,0.011158269503885987,0.011705141773748462
province,Shanghai,-14,0.9893539806786232,0.9895488470244252,1.948663458020139e-4,1.9696322004824813e-4
province,Shanxi,-14,0.8991869730625658,0.913358987354976,0.014172014292410218,0.015760920383600933
province,Sichuan_Chongqing,-14,0.9950324990487284,NA,NA,NA
province,Tianjin,-14,0.9186056349763304,0.9172387584226674,-0.0013668765536629657,-0.0014879906040399869
province,Xinjiang,-14,0.83391865777906,0.85234868723078006,0.01843002945172001,0.022100512178014963
province,Xizang,-14,0.7342601583525005,0.7489346443010544,0.014674485948553917,0.019985404058256218
province,Yunnan,-14,0.999028109726246,0.9993738840701611,3.457743439151395e-4,3.461107255629561e-4
province,Zhejiang,-14,0.996610973090649,0.996978732925366,3.6775983471692975e-4,3.6901042096340565e-4
province,Anhui,-13,0.9851125695153125,0.9882839374628496,0.0031713679475371404,0.003219294977727766
province,Beijing,-13,0.8938710591603353,0.9080879903291144,0.01421693116877909,0.01590490152140497
province,Fujian,-13,0.9994471564100066,0.9997933733233484,3.462169133418014e-4,3.464084230179866e-4
province,Gansu,-13,0.872573807913429,0.8870700912477334,0.014496283334304416,0.016613246011783385
province,Guangdong,-13,0.999426212169556,0.999823810396866,3.9759822731000316e-4,3.978264953116412e-4
province,Guangxi,-13,0.9989787380296092,0.999784280090402,8.055420607927521e-4,8.063655712849378e-4
province,Guizhou,-13,0.9974343655510194,0.9977234977294857,2.8913217846626704e-4,2.898758940459604e-4
province,Hainan,-13,1,1,0,0
province,Hebei,-13,0.9161908199870342,0.9240871993613275,0.007896379374293327,0.008618706062133514
province,Heilongjiang,-13,0.7016218741974816,0.7025902869862131,9.684127887314986e-4,0.0013802488553242068
province,Henan,-13,0.9715002325560648,0.981234791770189,0.00973455921412425,0.010020130606157598
province,Hubei,-13,0.9910265727219636,0.995284631820219,0.0042580590982553845,0.004296614455614602
province,Hunan,-13,0.9951185877002938,0.9968179651033352,0.00169937740304138,0.0017077134565123733
province,Jiangsu,-13,0.9791360272567984,0.9826390795711428,0.003503052314344446,0.0035776972931521995
province,Jiangxi,-13,0.9973732330727434,0.9983027847067704,9.295516340269705e-4,9.319997802258782e-4
province,Jilin,-13,0.7415107981473393,0.7341042487707667,-0.007406549376572591,-0.009988457882309757
province,Liaoning,-13,0.8027654403972293,0.8097336554388397,0.006968215041610382,0.008680262865031069
province,Neimenggu,-13,0.7146920371045667,0.7342493500477152,0.01955731294314844,0.027364671673663837
province,Ningxia,-13,0.8376542585475928,0.8448368853527077,0.0071826268051149444,0.008574691445571934
province,Qinghai,-13,0.756827734027322,0.7681737207477973,0.011345986720475376,0.014991504949349251
province,Shaanxi,-13,0.95151190320758,0.958860729953798,0.007348826746218062,0.007723315621638479
province,Shandong,-13,0.9416687812995655,0.9547624553561408,0.013093674056575244,0.013904755383846433
province,Shanghai,-13,0.9858936311860408,0.9865677803417012,6.741491556604418e-4,6.837950204115153e-4
province,Shanxi,-13,0.885034233531234,0.8988793816757038,0.013845148144469799,0.015643630065278358
province,Sichuan_Chongqing,-13,0.9943589551594912,NA,NA,NA
province,Tianjin,-13,0.902789332651908,0.9013258501933342,-0.0014634824585737505,-0.0016210675133641961
province,Xinjiang,-13,0.8187332224543463,0.8374984085880032,0.018765186133656853,0.022919780972614955
province,Xizang,-13,0.7177641658330134,0.7326228419342979,0.014858676101284551,0.020701334517083423
province,Yunnan,-13,0.998727873443256,0.9992127686795192,4.848952362632719e-4,4.8551287007894033e-4
province,Zhejiang,-13,0.9957828841596414,0.9962564223371404,4.7353817749895555e-4,4.755435999470735e-4
province,Anhui,-12,0.9802478489679376,0.984219041539169,0.003971192571231352,0.004051212737077114
province,Beijing,-12,0.8791476747948223,0.8925274762092579,0.013379801414435621,0.015219060230760702
province,Fujian,-12,0.9992491085048764,0.999680126901484,4.3101839660764085e-4,4.313422878630844e-4
province,Gansu,-12,0.8575124285699502,0.8710557135575002,0.013543284987549975,0.015793689439738776
province,Guangdong,-12,0.9992089043996132,0.999723470327006,5.145659273928516e-4,5.149733205210323e-4
province,Guangxi,-12,0.9986949663049214,0.9996310704610708,9.361041561494199e-4,9.37327399989727e-4
province,Guizhou,-12,0.9966684621389044,0.996962817610546,2.9435547164158304e-4,2.9533940605472786e-4
province,Hainan,-12,1,1,0,0
province,Hebei,-12,0.901602062694841,0.9091658548255324,0.00756379213069136,0.008389279975783977
province,Heilongjiang,-12,0.6869690599433386,0.6868204931786391,-1.4856676469943153e-4,-2.162641279822491e-4
province,Henan,-12,0.963932859362366,0.9750782362091304,0.011145376846764421,0.01156239953697294
province,Hubei,-12,0.9887363863331224,0.9936014200886422,0.004865033755519721,0.004920455869498674
province,Hunan,-12,0.9939625414683017,0.9958427501045846,0.0018802086362829096,0.0018916292695551958
province,Jiangsu,-12,0.972012970716643,0.9772521976113204,0.0052392268946773735,0.0053900791990611095
province,Jiangxi,-12,0.9965928422464798,0.997576983253562,9.841410070822176e-4,9.87505594424907e-4
province,Jilin,-12,0.7258598880131305,0.7184196955650085,-0.007440192448121996,-0.010250177163650358
province,Liaoning,-12,0.7871942580101622,0.7938169506985484,0.0066226926883862225,0.008413034801761381
province,Neimenggu,-12,0.6991077675797418,0.7179006096418831,0.01879284206214127,0.026881180461205096
province,Ningxia,-12,0.8203482797920837,0.8292418617263658,0.008893581934282135,0.010841227017061831
province,Qinghai,-12,0.7405238058196559,0.7512201801929376,0.010696374373281636,0.014444335603015829
province,Shaanxi,-12,0.9429726839109946,0.9512838682425758,0.008311184331581178,0.008813812397099781
province,Shandong,-12,0.9287112357905204,0.9432360377517784,0.01452480196125805,0.01563973967526571
province,Shanghai,-12,0.9819574696559544,0.9833530157330762,0.0013955460771217787,0.001421187902985994
province,Shanxi,-12,0.8699354611730098,0.8835689567469017,0.01363349557389193,0.015671847145429272
province,Sichuan_Chongqing,-12,0.9935943622302054,NA,NA,NA
province,Tianjin,-12,0.8868206985161551,0.8846874900702816,-0.0021332084458735023,-0.0024054563108899312
province,Xinjiang,-12,0.8032989927505855,0.8226000280046752,0.01930103525408977,0.024027212069569353
province,Xizang,-12,0.7013737209451927,0.7160878043402634,0.014714083395070743,0.020978948819527474
province,Yunnan,-12,0.9983549126027356,0.9989690109229874,6.140983202518324e-4,6.151102303396926e-4
province,Zhejiang,-12,0.99467707746738,0.9953273841327088,6.50306665328837e-4,6.537867213997032e-4
province,Anhui,-11,0.9743742132202372,0.9787875705647934,0.004413357344556168,0.004529427487587482
province,Beijing,-11,0.8636573757215463,0.8762642557372068,0.01260688001566046,0.014597084874228032
province,Fujian,-11,0.9990060929205504,0.9994898176119684,4.837246914179971e-4,4.842059471367679e-4
province,Gansu,-11,0.8423289091571938,0.8551527568663698,0.012823847709175995,0.015224275897175498
province,Guangdong,-11,0.9989743251048928,0.9995532529234764,5.789278185835967e-4,5.795222199757826e-4
province,Guangxi,-11,0.998326809681846,0.9994192602942636,0.0010924506124176947,0.0010942815537187114
province,Guizhou,-11,0.9954986792006258,0.9959268015925492,4.281223919233579e-4,4.3005822194273056e-4
province,Hainan,-11,1,1,0,0
province,Hebei,-11,0.8859435200490319,0.8937660837279539,0.007822563678921979,0.008829641508624664
province,Heilongjiang,-11,0.6723322090031336,0.6709128171486995,-0.0014193918544340711,-0.002111146596023716
province,Henan,-11,0.9547221702887088,0.9671169982153512,0.012394827926642482,0.012982654339004484
province,Hubei,-11,0.9858569447540084,0.9914483933917452,0.005591448637736751,0.005671663284911923
province,Hunan,-11,0.992471629975533,0.9945842864576389,0.0021126564821059013,0.002128681987774284
province,Jiangsu,-11,0.9636839215132866,0.9709001245141096,0.007216203000822929,0.007488142989343667
province,Jiangxi,-11,0.9956736865839998,0.9966829447406584,0.0010092581566586434,0.0010136434961149268
province,Jilin,-11,0.7104402320110174,0.7023123604655067,-0.008127871545510645,-0.0114406127064389
province,Liaoning,-11,0.771338459395248,0.7776832611732731,0.0063448017780251,0.008225703905649423
province,Neimenggu,-11,0.6835626087825684,0.7015997236162778,0.0180371148337094,0.026386924331384475
province,Ningxia,-11,0.8027179974916403,0.8141889304632622,0.011470932971621939,0.014290115591610864
province,Qinghai,-11,0.7249074246518155,0.7348830536602265,0.009975629008411091,0.013761245462760358
province,Shaanxi,-11,0.9331444864208538,0.9425294377142448,0.009384951293391008,0.01005733991890977
province,Shandong,-11,0.9150503600667436,0.9300791770588568,0.015028816992113225,0.016424032652166846
province,Shanghai,-11,0.9765619988369916,0.9790720023235812,0.002510003486589585,0.002570244889294076
province,Shanxi,-11,0.8544815398105068,0.8678624928417535,0.013380953031246756,0.015659733309410253
province,Sichuan_Chongqing,-11,0.9926605261736664,NA,NA,NA
province,Tianjin,-11,0.8692836663110234,0.8692481320905321,-3.553422049129562e-5,-4.087758906375417e-5
province,Xinjiang,-11,0.7877750165965055,0.8074693868654172,0.019694370268911743,0.024999993467676954
province,Xizang,-11,0.6853859849698114,0.6999413667551896,0.014555381785378185,0.02123676600422358
province,Yunnan,-11,0.9978434894109036,0.9986306509235892,7.871615126855414e-4,7.888627034588937e-4
province,Zhejiang,-11,0.993173978968827,0.9940599967864326,8.860178176056666e-4,8.921073612153871e-4
province,Anhui,-10,0.967358422657872,0.9723760287189668,0.005017606061094804,0.00518691515323622
province,Beijing,-10,0.8456774257419232,0.8609594422051313,0.015282016463208148,0.018070739501886368
province,Fujian,-10,0.9985644607855996,0.9992050989966216,6.406382110220044e-4,6.415591944039303e-4
province,Gansu,-10,0.8267706780052955,0.8392489712090242,0.01247829320372873,0.015092810540686357
province,Guangdong,-10,0.9986872877211506,0.9993461604135704,6.588726924198207e-4,6.597387395640791e-4
province,Guangxi,-10,0.9978801306503654,0.999128501685378,0.0012483710350126298,0.0012510230404116853
province,Guizhou,-10,0.9939552511084786,0.9944774874304328,5.222363219542503e-4,5.254123074171015e-4
province,Hainan,-10,1,1,0,0
province,Hebei,-10,0.8696987858937031,0.8780980987539664,0.008399312860263297,0.009657726326054552
province,Heilongjiang,-10,0.6573790399941611,0.6551659487327399,-0.0022130912614212184,-0.0033665376088669865
province,Henan,-10,0.944468720902193,0.9578807159176556,0.01341199501546253,0.014200570880368461
province,Hubei,-10,0.9822179821202248,0.9886716503000568,0.006453668179831951,0.006570505017532873
province,Hunan,-10,0.9906424967281426,0.9930505544492916,0.0024080577211489373,0.002430803977319953
province,Jiangsu,-10,0.9541387512644292,0.963462842558712,0.0093240912942828,0.0097722593091691
province,Jiangxi,-10,0.9944759421425384,0.9955819296056082,0.0011059874630697797,0.0011121309387203439
province,Jilin,-10,0.6952862122626796,0.6857136615498044,-0.009572550712875216,-0.013767784466375553
province,Liaoning,-10,0.7551861302183429,0.7616145413448349,0.006428411126491951,0.008512353271945472
province,Neimenggu,-10,0.6678881076999852,0.685403914920429,0.01751580722044377,0.026225661182624104
province,Ningxia,-10,0.7855357055611912,0.7990174937799003,0.013481788218709045,0.01716254031900126
province,Qinghai,-10,0.709714655582348,0.7189055812969419,0.0091909257145939,0.012950170385099902
province,Shaanxi,-10,0.9223617248090342,0.9319695495669658,0.009607824757931538,0.010416547542582323
province,Shandong,-10,0.9007773050829372,0.9160682279456788,0.015290922862741585,0.016975253235685935
province,Shanghai,-10,0.9702175194753044,0.9741888420864668,0.003971322611162398,0.004093229127948645
province,Shanxi,-10,0.8382738688352086,0.85225513015218,0.013981261316971416,0.01667863193254317
province,Sichuan_Chongqing,-10,0.991498291376358,NA,NA,NA
province,Tianjin,-10,0.8532380081187181,0.8549519577722637,0.0017139496535456544,0.0020087591471982086
province,Xinjiang,-10,0.7720197512957735,0.7922851154287867,0.020265364133013164,0.026249800084776807
province,Xizang,-10,0.6694009748095822,0.6841993043014997,0.014798329491917506,0.02210682393482776
province,Yunnan,-10,0.997133846689935,0.9981458183648818,0.001011971674946821,0.001014880477988127
province,Zhejiang,-10,0.9912526826249272,0.9924843511866628,0.0012316685617356216,0.001242537430994942
province,Anhui,-9,0.9586534890546778,0.9646297580073706,0.005976268952692765,0.006234024098306809
province,Beijing,-9,0.8275549860586562,0.845062099825899,0.017507113767242788,0.021155227220154654
province,Fujian,-9,0.998009663678346,0.9986969010925496,6.87237414203623e-4,6.886079756689776e-4
province,Gansu,-9,0.8109848530143737,0.8233375735592133,0.012352720544839602,0.015231752478391435
province,Guangdong,-9,0.998343482858703,0.9990861318614264,7.426490027233612e-4,7.438812547729822e-4
province,Guangxi,-9,0.9973678427420642,0.9987082002150705,0.001340357473006204,0.0013438948154987213
province,Guizhou,-9,0.991845550978744,0.9924700798949462,6.245289162021272e-4,6.29663474908818e-4
province,Hainan,-9,1,1,0,0
province,Hebei,-9,0.8529702408158275,0.8628460800492541,0.009875839233426609,0.011578175604322156
province,Heilongjiang,-9,0.6422310141583587,0.6395193975574254,-0.002711616600933331,-0.004222182580962543
province,Henan,-9,0.9327014389470508,0.9469351968530926,0.014233757906041755,0.015260786905304432
province,Hubei,-9,0.977590311272356,0.984782240419066,0.007191929146710074,0.007356792578426453
province,Hunan,-9,0.9882235642512748,0.9911255257206376,0.002901961469362835,0.002936543485037719
province,Jiangsu,-9,0.9435185666584798,0.9549648868847302,0.011446320226250473,0.012131526215523467
province,Jiangxi,-9,0.9929646038910552,0.9940572275067082,0.0010926236156529878,0.0011003651201376226
province,Jilin,-9,0.6800410698647592,0.6688288586511838,-0.011212211213575407,-0.016487550106062267
province,Liaoning,-9,0.7387603334730292,0.7453416902001316,0.006581356727102472,0.00890864929924225
province,Neimenggu,-9,0.6524192783930355,0.669578401006346,0.01715912261331054,0.026300759621289745
province,Ningxia,-9,0.7687253788973005,0.7836553722394755,0.01492999334217493,0.019421751579987233
province,Qinghai,-9,0.6947069179466093,0.7026831525108976,0.00797623456428831,0.011481438227021242
province,Shaanxi,-9,0.9101057656882104,0.9202753624964872,0.010169596808276782,0.011174082388750346
province,Shandong,-9,0.8854291968954637,0.9015748751425432,0.016145678247079465,0.018234860905524973
province,Shanghai,-9,0.9619929293669782,0.9680722238570514,0.006079294490073162,0.00631947938959752
province,Shanxi,-9,0.8219277854509327,0.8366961239645856,0.01476833851365289,0.01796792707956766
province,Sichuan_Chongqing,-9,0.990085287557388,NA,NA,NA
province,Tianjin,-9,0.8373919665717222,0.8411269564282106,0.0037349898564883466,0.004460264733347483
province,Xinjiang,-9,0.7563062140338882,0.7775563432159799,0.02125012918209168,0.028097255830744128
province,Xizang,-9,0.6537521281634897,0.6682963325758985,0.014544204412408779,0.022247276583658902
province,Yunnan,-9,0.9959749204160488,0.9973889965533596,0.0014140761373107047,0.0014197909087108362
province,Zhejiang,-9,0.9886197201816096,0.99020244122765,0.0015827210460404029,0.0016009401934139618
province,Anhui,-8,0.9489179366162848,0.9558406571163892,0.006922720500104451,0.007295383755512044
province,Beijing,-8,0.8096541878776887,0.8289615806166168,0.01930739273892812,0.023846468069951873
province,Fujian,-8,0.9972704429803404,0.997996124934351,7.256819540105708e-4,7.27668165760405e-4
province,Gansu,-8,0.7950608485346355,0.8075884506686206,0.012527602133985072,0.015756784096556262
province,Guangdong,-8,0.99790927384247885,0.9987343968637628,8.251230212839022e-4,8.268517418489778e-4
province,Guangxi,-8,0.9967610165224656,0.9981422517930564,0.0013812352705907527,0.0013857236064564946
province,Guizhou,-8,0.9888315664861655,0.9896945024430313,8.629359568657069e-4,8.726824528187025e-4
province,Hainan,-8,1,1,0,0
province,Hebei,-8,0.8363995947447178,0.8479613824939497,0.011561787749231889,0.013823282342408028
province,Heilongjiang,-8,0.6269320700904182,0.6242658934890273,-0.0026661766013909016,-0.0042527360276949575
province,Henan,-8,0.9195838453264454,0.934556137889876,0.014972292563430578,0.016281595897452424
province,Hubei,-8,0.9715624218430764,0.9795869103403784,0.008024488497301974,0.00825936483018696
province,Hunan,-8,0.9851838905557068,0.9885199093925716,0.0033360188368648513,0.003386188983442597
province,Jiangsu,-8,0.931838350938198,0.9451885803713944,0.013350229433196414,0.014326765387746783
province,Jiangxi,-8,0.9909854557336908,0.9921637913422467,0.0011783356085559582,0.0011890543920077615
province,Jilin,-8,0.6642412115216977,0.6524968595436034,-0.011744351978094314,-0.01768085414512207
province,Liaoning,-8,0.7228622551811527,0.7285893168242871,0.005727061643134412,0.007922756517006389
province,Neimenggu,-8,0.6367488062817643,0.6542353106114064,0.01748650432964205,0.027462170572023326
province,Ningxia,-8,0.7523975026612525,0.7680207360099977,0.015623233348745158,0.020764600219279457
province,Qinghai,-8,0.6797131065560889,0.6858608489349897,0.006147742378900811,0.009044613557695917
province,Shaanxi,-8,0.8968898124642526,0.9071576623204872,0.010267849856234634,0.011448284631557101
province,Shandong,-8,0.8693192711875707,0.886620322828687,0.017301051641116283,0.019901838386121872
province,Shanghai,-8,0.9526540928854982,0.9604397734573652,0.007785680571867015,0.008172620713028097
province,Shanxi,-8,0.8054906912496408,0.820878290327128,0.015387599077487213,0.019103385358327164
province,Sichuan_Chongqing,-8,0.9883297061176244,NA,NA,NA
province,Tianjin,-8,0.8208010023853975,0.8280084905508793,0.007207488165481779,0.008781042109519242
province,Xinjiang,-8,0.7406434322410034,0.7627755699334475,0.022132137692444154,0.02988231141870494
province,Xizang,-8,0.6378346346287316,0.6525471696990696,0.014712535070337984,0.023066378449175626
province,Yunnan,-8,0.99432903455082,0.9962104633049556,0.00188142875413555,0.0018921591231472689
province,Zhejiang,-8,0.9850646267220264,0.9872259478004498,0.0021613210784233727,0.002194090641154727
province,Anhui,-7,0.93785914780204,0.9460019226173612,0.008142774815321108,0.008682300358646025
province,Beijing,-7,0.7922831977827025,0.8127818331005314,0.020498635317828917,0.025872863863826413
province,Fujian,-7,0.9959502709991772,0.9970435508108952,0.0010932798117180287,0.0010977253017072897
province,Gansu,-7,0.7790395830181427,0.7914378234897553,0.012398240471612643,0.015914776016360526
province,Guangdong,-7,0.9974088693832576,0.9982702827669662,8.61413383708598e-4,8.636512168186838e-4
province,Guangxi,-7,0.9960368026609548,0.99732808036119,0.0012912777002351827,0.0012964156512946903
province,Guizhou,-7,0.9849198411617606,0.9860712635777664,0.001151422416005854,0.001169051904414572
province,Hainan,-7,0.9999925543002688,1,7.44569973121223e-6,7.445755170069498e-6
province,Hebei,-7,0.8198811435271981,0.8331953108650902,0.013314167337892147,0.016239143250219745
province,Heilongjiang,-7,0.6117069141368165,0.6090600834848975,-0.002646830651919063,-0.004326958860116895
province,Henan,-7,0.9049545976237732,0.9210140972675924,0.016059499643819253,0.017746193771475644
province,Hubei,-7,0.9643220177515328,0.972878080884522,0.008556063132989178,0.008872620323384272
province,Hunan,-7,0.9811691194134764,0.9849778047220332,0.003808685308556825,0.003881782694948229
province,Jiangsu,-7,0.9186241980012634,0.9341773689992454,0.015553170997982035,0.016930939803047346
province,Jiangxi,-7,0.9882799605953776,0.9897299541662036,0.0014499935708259803,0.0014671890847128468
province,Jilin,-7,0.6483075697784917,0.6366158636264179,-0.011691706152073822,-0.018034196571341202
province,Liaoning,-7,0.7070242541425182,0.7119474892043194,0.0049232350618011456,0.006963318490073674
province,Neimenggu,-7,0.6211913172127331,0.6389780724195692,0.017786755206836036,0.02863329656094466
province,Ningxia,-7,0.7364471440684474,0.7530896041475083,0.016642460079060895,0.02259830893921438
province,Qinghai,-7,0.6645579996623668,0.6688030261301625,0.004245026467795676,0.006387744139642274
province,Shaanxi,-7,0.882561185682975,0.893069476361669,0.010508290678693966,0.011906586023905033
province,Shandong,-7,0.8526435914374825,0.8715376259367043,0.01889403449922178,0.022159357894625222
province,Shanghai,-7,0.940954650024684,0.9525772897405844,0.011622639715900385,0.01235196586317469
province,Shanxi,-7,0.78879318136076,0.8048783681328524,0.016085186772092364,0.02039214733619216
province,Sichuan_Chongqing,-7,0.9861129642969612,NA,NA,NA
province,Tianjin,-7,0.8046432699638132,0.8142442635933654,0.009600993629552246,0.011931987736607834
province,Xinjiang,-7,0.72514296126515565,0.7483637908364205,0.02322082957126481,0.03202241600849503
province,Xizang,-7,0.6217899625362353,0.6366213589617409,0.014831396425505572,0.0238527434006966
province,Yunnan,-7,0.9918810448464512,0.9943770696223254,0.002496024775874184,0.0025164557673955576
province,Zhejiang,-7,0.9803982393496344,0.9835153812385248,0.00311714188889034,0.0031794650008328804
province,Anhui,-6,0.9253196656225972,0.9347504204685464,0.00943075484594924,0.01019188848602261
province,Beijing,-6,0.7751788740862642,0.7973208453495523,0.022141971263288096,0.0285636928501022
province,Fujian,-6,0.994174474617813,0.9958791030941092,0.001704628476296155,0.0017146170212743183
province,Gansu,-6,0.7627608659403344,0.7752934376502143,0.01253257170987987,0.016430538415771592
province,Guangdong,-6,0.9967320098164704,0.9976493680415854,9.173582251150725e-4,9.203659720770751e-4
province,Guangxi,-6,0.9951279595613616,0.996176248690808,0.0010482891294464336,0.0010534214413074122
province,Guizhou,-6,0.9797194970706244,0.9811458497573474,0.0014263526867229759,0.0014558786376996592
province,Hainan,-6,0.999974469601197,0.999989156324344,1.4686723147083747e-5,1.4687098114555871e-5
province,Hebei,-6,0.8035378126940295,0.8185824722449458,0.015044659550916384,0.01872302623877276
province,Heilongjiang,-6,0.5967278842663043,0.5942164865254635,-0.0025113977408407484,-0.004208614691985763
province,Henan,-6,0.8889086251127214,0.9062770901666736,0.017368465053952176,0.019539089354375094
province,Hubei,-6,0.9553910975235984,0.964669583316395,0.009278485792796554,0.009711714727975444
province,Hunan,-6,0.9761770663857596,0.9801506718828172,0.0039736054970576085,0.004070578621324979
province,Jiangsu,-6,0.9035538373449088,0.9215964801363424,0.01804264279143364,0.019968530978133975
province,Jiangxi,-6,0.9845694826961348,0.9865771508726204,0.0020076681764856774,0.0020391330543659547
province,Jilin,-6,0.6320498983828662,0.6213958983543995,-0.010654000028466726,-0.01685626412681271
province,Liaoning,-6,0.691151154426385,0.6953314895391504,0.004180335112765388,0.006048365955830344
province,Neimenggu,-6,0.6054211068932912,0.6237051136046292,0.018284006711338008,0.030200477821399552
province,Ningxia,-6,0.7203513001241354,0.7380791957766117,0.017727895652476344,0.024610069627723812
province,Qinghai,-6,0.6495980443980719,0.6517593263703311,0.002161281972259177,0.0033271066483302855
province,Shaanxi,-6,0.8673058689220771,0.8777158995548773,0.010410030632800216,0.012002721307234118
province,Shandong,-6,0.8356456747693267,0.856273956345047,0.020628281575720275,0.024685440490569817
province,Shanghai,-6,0.926966180903292,0.942954449786512,0.015988268883220025,0.01724795274369135
province,Shanxi,-6,0.7721486419942404,0.7889029361106338,0.016754294116393398,0.021698275701323284
province,Sichuan_Chongqing,-6,0.9832688580053788,NA,NA,NA
province,Tianjin,-6,0.7897859059281354,0.8000326928489769,0.010246786920841577,0.012974132412251427
province,Xinjiang,-6,0.7097381920383079,0.7341207772361701,0.024382585197862183,0.03435433723502672
province,Xizang,-6,0.6054040415851221,0.62042518946014,0.01502114787501796,0.02481177336657395
province,Yunnan,-6,0.988356247287734,0.99170921507289,0.0033529677851560358,0.003392468853571082
province,Zhejiang,-6,0.9743548853530892,0.9787171415277356,0.004362256174646362,0.004477071178296146
province,Anhui,-5,0.9106703065085586,0.9224275236260584,0.011757217117499774,0.012910508922351998
province,Beijing,-5,0.7595030049020187,0.7821076479658812,0.02260464306386245,0.029762414260334113
province,Fujian,-5,0.9917445968200622,0.9943043093368522,0.0025597125167899915,0.0025810198764858153
province,Gansu,-5,0.7460476059347684,0.7590201661651277,0.012972560230359309,0.01738838128715017
province,Guangdong,-5,0.995903452232709,0.9967080455935378,8.045933608287203e-4,8.079029739528547e-4
province,Guangxi,-5,0.9939228159749218,0.994531505802676,6.086898277541941e-4,6.124115655370489e-4
province,Guizhou,-5,0.9731123759850974,0.9748410732408586,0.0017286972557611913,0.0017764621008043424
province,Hainan,-5,0.9999496664130544,0.99997108888118,2.1422468125642524e-5,2.1423546449580428e-5
province,Hebei,-5,0.7874074189842383,0.8037217756288245,0.016314356644586248,0.020719079159340275
province,Heilongjiang,-5,0.5817173992763449,0.5799366051989254,-0.0017807940774194897,-0.003061270093751353
province,Henan,-5,0.8718074131305661,0.8908798617804002,0.01907244864983415,0.021876905796599105
province,Hubei,-5,0.9450296892844052,0.9550549683398069,0.010025279055401626,0.010608427617753428
province,Hunan,-5,0.9698098948253232,0.9738425226043912,0.004032627779067988,0.004158163162270398
province,Jiangsu,-5,0.8868690878635088,0.9078522832730191,0.020983195409510325,0.02365985656356498
province,Jiangxi,-5,0.9796872958745246,0.9823664458123706,0.002679149937846015,0.0027346990709463605
province,Jilin,-5,0.6158742369660254,0.606337424229636,-0.0095368127363894,-0.015485000287348432
province,Liaoning,-5,0.6751879070248706,0.678478863944139,0.003290956919268395,0.004874134866795196
province,Neimenggu,-5,0.5894953714111272,0.6088440917547522,0.019348720343625003,0.03282251444537768
province,Ningxia,-5,0.7044196138554192,0.722598959628913,0.018179345773493782,0.025807551941938203
province,Qinghai,-5,0.6335966438671256,0.6340615928535038,4.649489863782774e-4,7.338248882451214e-4
province,Shaanxi,-5,0.851129839178452,0.8619235062404681,0.010793667062016121,0.012681575201774906
province,Shandong,-5,0.8182463160897839,0.8408960787842635,0.022649762694479603,0.02768086118947379
province,Shanghai,-5,0.9101251991611536,0.9307417610341228,0.02061656187296912,0.022652445940372863
province,Shanxi,-5,0.7556768608951514,0.77282867671607,0.017151815820918626,0.022697288627577025
province,Sichuan_Chongqing,-5,0.9796703746269996,NA,NA,NA
province,Tianjin,-5,0.7747861490278083,0.7853712857736023,0.010585136745793977,0.013662010813017334
province,Xinjiang,-5,0.6941620939144986,0.7198085650686751,0.02564647115417651,0.036945940118325506
province,Xizang,-5,0.5883696505387035,0.6037718049798743,0.015402154441170768,0.026177683412237116
province,Yunnan,-5,0.983621782395392,0.9880415472615652,0.004419764866173237,0.00449335806229289
province,Zhejiang,-5,0.9670089340510052,0.9727839895574414,0.0057750555064362,0.005972080818574518
province,Anhui,-4,0.8945453772547602,0.9082738885669488,0.013728511312188552,0.015346914378250448
province,Beijing,-4,0.7445251575008812,0.7671293404111585,0.022604182910277326,0.03036053608470654
province,Fujian,-4,0.9886677835070532,0.9922346274597312,0.0035668439526780338,0.003607727501775714
province,Gansu,-4,0.7289461561696535,0.7426601835085384,0.013714027338884827,0.018813498394651046
province,Guangdong,-4,0.9947841249743418,0.9954940655960371,7.099406216953819e-4,7.136629987070745e-4
province,Guangxi,-4,0.9922234773322158,0.9924209002707908,1.9742293857494264e-4,1.9897023511855643e-4
province,Guizhou,-4,0.9648456760087356,0.9671117560973936,0.002266080088658029,0.0023486451201523676
province,Hainan,-4,0.9999113481859964,0.9999454422181584,3.4094032162035326e-5,3.409705492780686e-5
province,Hebei,-4,0.7716038699028694,0.7887201656370603,0.017116295734190823,0.0221827499858774
province,Heilongjiang,-4,0.5664871099489827,0.5656808152823544,-8.062946666282933e-4,-0.0014233239423592666
province,Henan,-4,0.854008270809423,0.8750592251947311,0.02105095438530813,0.024649590764918686
province,Hubei,-4,0.9326900095519856,0.944011869185975,0.011321859633989462,0.012138930961025174
province,Hunan,-4,0.9617928203902392,0.9658084288201796,0.0040156084299404204,0.004175128307062141
province,Jiangsu,-4,0.8688817947631909,0.8932480736872198,0.024366278924028872,0.028043260971614407
province,Jiangxi,-4,0.9735292435119872,0.9767716630998218,0.003242419587834555,0.0033305826295855186
province,Jilin,-4,0.5987502481535871,0.5915339770275577,-0.0072162711260294055,-0.012052222355285504
province,Liaoning,-4,0.6590909908054946,0.6619523739887853,0.0028613831832906556,0.004341408429500264
province,Neimenggu,-4,0.573660767766399,0.5938998782705998,0.020239110504200797,0.03528062513844835
province,Ningxia,-4,0.6883236635804955,0.7065017094901112,0.018178045909615692,0.02640915440137251
province,Qinghai,-4,0.6170070431029785,0.6160728582363815,-9.341848665970209e-4,-0.0015140586757307168
province,Shaanxi,-4,0.8337583738989373,0.8459249349441302,0.01216656104519298,0.014592430404384439
province,Shandong,-4,0.8005810056412616,0.8252479758593756,0.024666970218114037,0.03081133582273278
province,Shanghai,-4,0.8918905505970803,0.9162115799238189,0.02432102932673852,0.027269073890800494
province,Shanxi,-4,0.7390438542053437,0.7564115633064996,0.017367709101155926,0.02350024156527293
province,Sichuan_Chongqing,-4,0.97525534575705,NA,NA,NA
province,Tianjin,-4,0.7602759328015354,0.7712042034320555,0.010928270630520154,0.014374084669825924
province,Xinjiang,-4,0.6790414723909619,0.7052255544104695,0.026184082019507615,0.03856035762780625
province,Xizang,-4,0.5708102912670202,0.5864102129676817,0.01559992170066149,0.027329433157265867
province,Yunnan,-4,0.9774593524754448,0.9829490953564614,0.005489742881016557,0.005616338794154069
province,Zhejiang,-4,0.958168725934028,0.9655174629779576,0.007348737043929576,0.007669564707161558
province,Anhui,-3,0.87696716379953,0.892709441716643,0.015742277917113023,0.01795081796325002
province,Beijing,-3,0.7290810734932986,0.7527513210592784,0.023670247565979796,0.03246586480782834
province,Fujian,-3,0.9846720053219712,0.989568973031562,0.004896967709590805,0.004973196844353851
province,Gansu,-3,0.7114551836611767,0.7256848486845484,0.014229665023371751,0.020000789016878517
province,Guangdong,-3,0.9933529800733144,0.9938863810396806,5.334009663662265e-4,5.369702181060138e-4
province,Guangxi,-3,0.9899185854047926,0.98989253666157,-2.6048743222650828e-5,-2.631402582667857e-5
province,Guizhou,-3,0.9543648291428082,0.95720054468049,0.0028357155376818044,0.0029713118621825037
province,Hainan,-3,0.9998475322579516,0.9998419143895768,-5.617868374829804e-6,-5.618725049151238e-6
province,Hebei,-3,0.7558302320720605,0.7736556989123579,0.0178254668402974,0.023583955872511234
province,Heilongjiang,-3,0.5511471005451577,0.5517203010643059,5.732005191482203e-4,0.00104001367072647
province,Henan,-3,0.8357968368908967,0.8588278663037224,0.023031029412825754,0.027555774796300385
province,Hubei,-3,0.918607053588282,0.9314642160817564,0.012857162493474461,0.013996368135049198
province,Hunan,-3,0.9517633488737024,0.956018049185484,0.004254700311781656,0.004470334266198192
province,Jiangsu,-3,0.8498624545440099,0.8777781452335853,0.027915690689575445,0.032847304337680724
province,Jiangxi,-3,0.9658919056910096,0.9699347933996592,0.0040428877086495785,0.004185652333174128
province,Jilin,-3,0.5822694287551705,0.5770548038148664,-0.005214624940304113,-0.00895569075548483
province,Liaoning,-3,0.6426859727543464,0.6457205209853664,0.0030345482310200067,0.004721665571779799
province,Neimenggu,-3,0.5575735974066675,0.5790587469529945,0.021485149546327076,0.03853329792920025
province,Ningxia,-3,0.672098799733755,0.6903111692801049,0.01821236954634997,0.02709775639171594
province,Qinghai,-3,0.600054763511151,0.5975706653969174,-0.002484098114233557,-0.004139785675057631
province,Shaanxi,-3,0.81537025858619006,0.8290381664305438,0.013667907844353788,0.016762823638003715
province,Shandong,-3,0.782687365642855,0.8095681607413733,0.026880795098518262,0.034344230248868145
province,Shanghai,-3,0.8718850800717743,0.9004965272385299,0.028611447166755566,0.03281561735681983
province,Shanxi,-3,0.7221940150907648,0.7399792195951033,0.017785204504338514,0.02462662959357713
province,Sichuan_Chongqing,-3,0.969774501045318,NA,NA,NA
province,Tianjin,-3,0.7450887750135109,0.7564507107953266,0.011361935781815657,0.015249103412690156
province,Xinjiang,-3,0.6637545070404106,0.6906318339887326,0.02687732694832201,0.04049287298728002
province,Xizang,-3,0.5524141444337795,0.5678586831348017,0.015444538701022248,0.027958260766209723
province,Yunnan,-3,0.9697110847934644,0.9759840164273612,0.006272931633896861,0.006468866585383947
province,Zhejiang,-3,0.9479558098915156,0.9569133662414708,0.008957556349955209,0.009449339575206902
province,Anhui,-2,0.8583557116767719,0.8762157090121456,0.01785999733537369,0.020807221402983064
province,Beijing,-2,0.7134785307710378,0.7374330804290722,0.02395454965803434,0.03357431040307166
province,Fujian,-2,0.9796502829047188,0.986237310129149,0.006587027224430164,0.00672385578749516
province,Gansu,-2,0.6935554759276016,0.7080103961142025,0.014454920186600884,0.020841764917605227
province,Guangdong,-2,0.9914408669186489,0.9918823793330525,4.415124144035998e-4,4.4532400179932e-4
province,Guangxi,-2,0.9867212168958004,0.9865835814669932,-1.3763542880718127e-4,-1.3948765512530358e-4
province,Guizhou,-2,0.9413509058764236,0.9448389721423588,0.00348806626593523,0.0037053836610352487
province,Hainan,-2,0.9997178430706998,0.9996279991591251,-8.984391157462746e-5,-8.986926881155378e-5
province,Hebei,-2,0.7397677677264118,0.7587943985020394,0.019026630775627607,0.02571973476771459
province,Heilongjiang,-2,0.53583554469364,0.5379673072502787,0.0021317625566387166,0.003978389596863224
province,Henan,-2,0.8175750371268756,0.8422422607634961,0.02466722363662044,0.03017120449678364
province,Hubei,-2,0.9028820798513436,0.9175759897673004,0.01469390991595676,0.01627445072160039
province,Hunan,-2,0.939696064199514,0.9443665934125888,0.004670529213074759,0.004970255161229582
province,Jiangsu,-2,0.8300976212825524,0.8609316229520053,0.030834001669452937,0.03714503075169941
province,Jiangxi,-2,0.9566636154675344,0.9617429442318444,0.005079328764309943,0.005309419823422056
province,Jilin,-2,0.565923167733798,0.5630671452640135,-0.002856022469784558,-0.005046661159360751
province,Liaoning,-2,0.6261250460850887,0.6299872975880996,0.003862251503010894,0.006168498652401815
province,Neimenggu,-2,0.541248343469808,0.5641477451856146,0.022899401715806622,0.04230849293506244
province,Ningxia,-2,0.6553064804702868,0.6739432139596158,0.018636733489328927,0.0284397210232899
province,Qinghai,-2,0.5820774937600183,0.5782912609489801,-0.0037862328110381815,-0.006504688553718911
province,Shaanxi,-2,0.796475305620866,0.8116605575235553,0.015185251902689267,0.01906556524166447
province,Shandong,-2,0.7647394454041105,0.7933313018995313,0.02859185649542073,0.037387709849741
province,Shanghai,-2,0.852145369125916,0.8835162420382059,0.031370872912289904,0.03681399212961566
province,Shanxi,-2,0.7053215590178126,0.7233543065801,0.018032747562287454,0.025566704053961924
province,Sichuan_Chongqing,-2,0.9629511119022606,NA,NA,NA
province,Tianjin,-2,0.7288628945290119,0.7402838333091295,0.011420938780117629,0.01566952970969635
province,Xinjiang,-2,0.6479444916718387,0.6756769290983335,0.027732437426494894,0.042800637682618665
province,Xizang,-2,0.5328216082251158,0.5480297934214778,0.015208185196362023,0.02854273355583695
province,Yunnan,-2,0.9601419486219588,0.9670679719159772,0.006926023294018369,0.007213540981059025
province,Zhejiang,-2,0.9362730521536228,0.947167424735878,0.01089437258225523,0.01163589249652749
province,Anhui,-1,0.838800972826653,0.8594882997319033,0.020687326905250325,0.024662974382989394
province,Beijing,-1,0.6965503492912317,0.7216802780909373,0.025129928799705548,0.0360776917638133
province,Fujian,-1,0.9735319131886632,0.9821349803045648,0.008603067115901641,0.00883696466377105
province,Gansu,-1,0.6753206182343988,0.6896050801163826,0.014284461881983734,0.0211521187067114
province,Guangdong,-1,0.9889015435016464,0.9893396781625776,4.381346609312331e-4,4.4305185264432106e-4
province,Guangxi,-1,0.9826965220317442,0.9825492774244732,-1.4724460727100208e-4,-1.4983731393143735e-4
province,Guizhou,-1,0.925986430206944,0.9298525543077518,0.0038661241008077774,0.004175141205842246
province,Hainan,-1,0.9995507879627468,0.9993004047880631,-2.503831746836216e-4,-2.504957003675069e-4
province,Hebei,-1,0.7239164411231734,0.7435512247301418,0.019634783606968353,0.027122997201865624
province,Heilongjiang,-1,0.5207587086969545,0.524068829230916,0.0033101205339615136,0.006356342157472732
province,Henan,-1,0.7991165503376291,0.8255452523409882,0.026428702003359117,0.033072399754695246
province,Hubei,-1,0.8852825897665088,0.9021744115256746,0.016891821759165815,0.019080711576651466
province,Hunan,-1,0.9256654575466764,0.931147002989846,0.005481545443169589,0.005921734897289482
province,Jiangsu,-1,0.8100480738021192,0.8430959928634373,0.0330479190613181,0.04079747873012181
province,Jiangxi,-1,0.9453953900645108,0.9520928199343912,0.0066974298698804224,0.007084263304291563
province,Jilin,-1,0.5500072772193736,0.549214777800022,-7.924994193515555e-4,-0.0014408889703389552
province,Liaoning,-1,0.6093941320479354,0.6139692492738338,0.0045751172258984285,0.007507648966889866
province,Neimenggu,-1,0.5247961518751689,0.549153771659939,0.024357619784770024,0.04641348778518458
province,Ningxia,-1,0.6381263991457471,0.656776933760609,0.01865053461486188,0.02922702248305218
province,Qinghai,-1,0.5632347979623967,0.5585623076828264,-0.004672490279570285,-0.008295812503903984
province,Shaanxi,-1,0.7774009802530755,0.7937412413809712,0.016340261127895772,0.02101908994580423
province,Shandong,-1,0.7472575280313178,0.7766173544196859,0.029359826388368093,0.0392901045315901
province,Shanghai,-1,0.8323769958236443,0.8651397010133716,0.03276270518972724,0.039360416438837614
province,Shanxi,-1,0.6884156002644664,0.7064369089489991,0.018021308684532777,0.026177949305055827
province,Sichuan_Chongqing,-1,0.9544672602071071,NA,NA,NA
province,Tianjin,-1,0.7124227010299586,0.7238025162863142,0.011379815256355563,0.015973403486306118
province,Xinjiang,-1,0.6319543435309488,0.6603198667500494,0.028365523219100575,0.04488539956955201
province,Xizang,-1,0.5116387926368435,0.5269423963082842,0.01530360367144068,0.02991095259327421
province,Yunnan,-1,0.9487405009776264,0.9560803872539384,0.007339886276311991,0.007736452980291903
province,Zhejiang,-1,0.9227381210055312,0.936037269752828,0.013299148747296763,0.014412701116980344
province,Anhui,0,0.8188205822804845,0.8427445724082364,0.023923990127751926,0.029217621839843833
province,Beijing,0,0.6797668261050581,0.7056781682584417,0.025911342153383532,0.038117985694963774
province,Fujian,0,0.9663400218068476,0.9768414854950268,0.010501463688179169,0.010867255263363402
province,Gansu,0,0.6564548236678088,0.6704840747996059,0.014029251131797094,0.021371236261791
province,Guangdong,0,0.985584499628929,0.9862008894758088,6.16389846879728e-4,6.254053783433057e-4
province,Guangxi,0,0.9775364281768906,0.97758678916275,5.036098585942117e-5,5.1518270222772785e-5
province,Guizhou,0,0.9077752906627352,0.9121083518526408,0.004333061189905618,0.004773275098446666
province,Hainan,0,0.999273024311338,0.9987941286407346,-4.7889567060344085e-4,-4.792440693908234e-4
province,Hebei,0,0.7080277471418397,0.7275276216222349,0.019499874480395252,0.027541116233243932
province,Heilongjiang,0,0.5051108553375615,0.5102500079377921,0.005139152600230568,0.010174306384280959
province,Henan,0,0.7810516631323485,0.8088143629972298,0.027762699864881224,0.03554527974953797
province,Hubei,0,0.8667677644007723,0.8852824766916462,0.01851471229087387,0.021360637821681978
province,Hunan,0,0.9096842928238604,0.9164257002065834,0.006741407382722997,0.007410710986111658
province,Jiangsu,0,0.789740732728045,0.8250484283435995,0.03530769561555447,0.04470795813404375
province,Jiangxi,0,0.931877180890197,0.9406983465822484,0.00882116569205138,0.009466017489155341
province,Jilin,0,0.5338256278734212,0.5354558735995412,0.0016302457261199166,0.003053891834706884
province,Liaoning,0,0.5926085282347731,0.5981572815604365,0.0055487533256634025,0.009363269445668792
province,Neimenggu,0,0.5080386182057801,0.5340259077072896,0.025987289501509525,0.05115219310155556
province,Ningxia,0,0.6206712840394463,0.6390668267148675,0.018395542675421206,0.02963814042708651
province,Qinghai,0,0.543957622230534,0.5379908668696441,-0.005966755360889864,-0.010969154796329154
province,Shaanxi,0,0.7581890288918177,0.7755354547971967,0.017346425905378937,0.022878761422771805
province,Shandong,0,0.7298665922002663,0.7592462187638359,0.029379626563569627,0.04025342011476561
province,Shanghai,0,0.8126290781259504,0.8434320962471623,0.03080301812121189,0.03790538506479298
province,Shanxi,0,0.671319084007812,0.6894356648126755,0.018116580804863447,0.02698654222177993
province,Sichuan_Chongqing,0,0.9440582438957617,NA,NA,NA
province,Tianjin,0,0.6957223014366787,0.7075739049600305,0.011851603523351795,0.017034962798918515
province,Xinjiang,0,0.61523524117954,0.6446322877615018,0.02939704658196185,0.04778179891906274
province,Xizang,0,0.48851969863541167,0.5041888648544969,0.015669166219085207,0.032074788924283074
province,Yunnan,0,0.9353889286008976,0.9431370534061752,0.007748124805277534,0.008283318915124157
province,Zhejiang,0,0.9074862567221926,0.923071413418411,0.015585156696218405,0.01717398647171961
province,Anhui,1,0.7984820619404284,0.8256603124527986,0.027178250512370217,0.034037396464891255
province,Beijing,1,0.6632413361488063,0.688913927498922,0.02567259135011568,0.038707767370451895
province,Fujian,1,0.957819555296113,0.9703793176044054,0.012559762308292477,0.013112868952033023
province,Gansu,1,0.6373015825251004,0.650819907362754,0.013518324837653584,0.021211817463392475
province,Guangdong,1,0.9812581740805998,0.9824137808452216,0.001155606764621786,0.0011776786121598874
province,Guangxi,1,0.9712327162624338,0.9715191159784506,2.8639971601684966e-4,2.9488269003024654e-4
province,Guizhou,1,0.887013927303553,0.8914644171112831,0.004450489807730107,0.00501738436200119
province,Hainan,1,0.9988454100237292,0.998191325826192,-6.54084197537208e-4,-6.548402695484872e-4
province,Hebei,1,0.6920454477981629,0.7109552209220636,0.01890977312390074,0.027324467177791238
province,Heilongjiang,1,0.4893565946050689,0.4963408640974604,0.006984269492391504,0.014272351837882351
province,Henan,1,0.7632464547387597,0.791788237912817,0.02854178317405731,0.037395238453909956
province,Hubei,1,0.8471832986490151,0.8675544045219677,0.020371105872952655,0.024045688702123872
province,Hunan,1,0.8919033786622776,0.9000121668277449,0.008108788165467229,0.009091554488367569
province,Jiangsu,1,0.7694850522016692,0.8058577182858941,0.03637266608422496,0.047268840349990696
province,Jiangxi,1,0.9160544168220884,0.9276360518365884,0.011581635014499936,0.012642955267524531
province,Jilin,1,0.5175299402560871,0.521644573581342,0.004114633325254857,0.00795052228904637
province,Liaoning,1,0.5761140126207218,0.5819468278958789,0.0058328152751571105,0.010124411396667553
province,Neimenggu,1,0.4913246501054836,0.5184754312491993,0.027150781143715663,0.05526036834888419
province,Ningxia,1,0.6016944527234055,0.6211730557980158,0.019478603074610357,0.03237291450244519
province,Qinghai,1,0.5234930408611407,0.5165869498333556,-0.006906091027785055,-0.013192326332408558
province,Shaanxi,1,0.7386033656783756,0.756754747192297,0.018151381513921372,0.024575275929388848
province,Shandong,1,0.7124193429190901,0.7410669533632953,0.028647610444205163,0.04021172463794079
province,Shanghai,1,0.7911738542717438,0.8219345375250229,0.030760683253279075,0.03887980257081869
province,Shanxi,1,0.6536893940422507,0.6721837463327082,0.018494352290457483,0.028292263051864837
province,Sichuan_Chongqing,1,0.931480932038753,NA,NA,NA
province,Tianjin,1,0.6795483644939496,0.6906104935345071,0.011062129040557478,0.016278648612148887
province,Xinjiang,1,0.5978724751252714,0.6282024252148252,0.030329950089553748,0.05072979832898103
province,Xizang,1,0.4632690570664588,0.4795480201597303,0.01627896309327148,0.0351393274490512
province,Yunnan,1,0.92035442054287,0.9285032598924264,0.008148839349556458,0.008854023154199525
province,Zhejiang,1,0.8906145768390253,0.9083997087688596,0.01778513192983422,0.0199695046458338
province,Anhui,2,0.7781379371559713,0.8073201592747841,0.029182222118812717,0.03750263382025979
province,Beijing,2,0.645871132056251,0.6720219553446857,0.026150823288434655,0.04048922763458809
province,Fujian,2,0.9473895978397064,0.9627738578217576,0.015384259982051174,0.01623857810675911
province,Gansu,2,0.6174104882760828,0.6304930138659331,0.013082525589850347,0.021189347829802873
province,Guangdong,2,0.9757325359013282,0.9777948405221976,0.002062304620869315,0.002113596241785943
province,Guangxi,2,0.9640464105219868,0.9642346994706557,1.882889486688466e-4,1.9531108317378287e-4
province,Guizhou,2,0.8643150097474969,0.8690910956496058,0.004776085902108984,0.005525862501802765
province,Hainan,2,0.9984110833866608,0.9974699338668462,-9.411495198146103e-4,-9.426473077824652e-4
province,Hebei,2,0.6756956046522385,0.6938756636603145,0.018180059008075955,0.026905693751600943
province,Heilongjiang,2,0.47356397593638433,0.4826110749940493,0.009047099057664987,0.019104280556340964
province,Henan,2,0.7451721017224436,0.7746019741578573,0.029429872435413618,0.03949406099260469
province,Hubei,2,0.8270101203956021,0.8491946256385204,0.022184505242918373,0.026824950137619076
province,Hunan,2,0.8724079558863266,0.8823036835053897,0.0098957276190631,0.011343004786114648
province,Jiangsu,2,0.7491848472754741,0.7857284981389256,0.03654365086345157,0.04877788305028883
province,Jiangxi,2,0.898845871505421,0.9133274376510302,0.014481566145609248,0.01611128960447354
province,Jilin,2,0.5011096172965066,0.5073310652394621,0.006221447942955538,0.012415343326516734
province,Liaoning,2,0.5593603206290569,0.5657608591517923,0.006400538522735366,0.011442603786298815
province,Neimenggu,2,0.4742098182492471,0.5026516668369949,0.028441848587747842,0.05997735072789797
province,Ningxia,2,0.5819053569699466,0.602857653375652,0.020952296405705395,0.036006364531178406
province,Qinghai,2,0.5017165602033838,0.4938183131051877,-0.007898247098196143,-0.015742448475279315
province,Shaanxi,2,0.718978849736822,0.7376496572241967,0.018670807487374708,0.02596850727140172
province,Shandong,2,0.6946464749951675,0.7222355623399594,0.02758908734479193,0.03971673122646143
province,Shanghai,2,0.7697128556702523,0.799781155374434,0.030068299704181678,0.03906430753062937
province,Shanxi,2,0.6358131202961909,0.6546785996057951,0.01886547930960425,0.029671421849262636
province,Sichuan_Chongqing,2,0.9165465516554528,NA,NA,NA
province,Tianjin,2,0.6627925682875342,0.6733702997758448,0.010577731488310649,0.015959339308285355
province,Xinjiang,2,0.580174127896912,0.611407940703582,0.031233812806669925,0.05383523894781411
province,Xizang,2,0.4365530206901413,0.4530816486027174,0.016528627912576088,0.037861673449071966
province,Yunnan,2,0.9035571639490362,0.9120223695208006,0.008465205571764445,0.009368754860806917
province,Zhejiang,2,0.8717549305787493,0.8919473023129362,0.020192371734186865,0.02316289937216799
province,Anhui,3,0.7580139728656596,0.7872536606185493,0.029239687752889654,0.038574074884595445
province,Beijing,3,0.627967053660264,0.6550969028143764,0.02712984915411243,0.04320266325435272
province,Fujian,3,0.9353455854063965,0.953804092612879,0.018458507206482566,0.019734424895438585
province,Gansu,3,0.5965954951154181,0.6091500637218652,0.012554568606447103,0.021043686566923004
province,Guangdong,3,0.9689035596901804,0.9723637160304008,0.003460156340220455,0.003571208202937024
province,Guangxi,3,0.9554365962710332,0.9558445541648396,4.079578938064321e-4,4.269858360027742e-4
province,Guizhou,3,0.8397565819677,0.8449130580904478,0.005156476122747833,0.00614044144871754
province,Hainan,3,0.9978864839378394,0.9966302940543512,-0.0012561898834881902,-0.001258850484206419
province,Hebei,3,0.6588773895049788,0.6766776010224325,0.0178002115174537,0.027015969588556045
province,Heilongjiang,3,0.4576419277324665,0.4689932526221111,0.011351324889644632,0.024803944310540792
province,Henan,3,0.7268743639784465,0.7566683693277091,0.029794005349262576,0.040989209175281954
province,Hubei,3,0.8061247986623373,0.8301222389015811,0.023997440239243772,0.02976888972906491
province,Hunan,3,0.8512208183026279,0.8634934948479649,0.012272676545337036,0.014417735423587616
province,Jiangsu,3,0.7288464123919879,0.764811099475981,0.03596468708399314,0.04934467189865322
province,Jiangxi,3,0.880032853624559,0.8974203236702846,0.017387470045725606,0.019757751059079752
province,Jilin,3,0.4846223877305026,0.49264952650601535,0.008027138775512754,0.01656369779593556
province,Liaoning,3,0.5422988001540812,0.5495073264122401,0.0072085262581589316,0.013292535878948658
province,Neimenggu,3,0.4566966823339943,0.48603910032286,0.02934241798886572,0.0642492470908883
province,Ningxia,3,0.5617361739773593,0.5836769166553117,0.02194074267795243,0.03905880321468624
province,Qinghai,3,0.47863659046655654,0.47042609488656423,-0.008210495579992316,-0.017153923756620948
province,Shaanxi,3,0.6991095315181496,0.718272506863904,0.019162975345754396,0.027410547963980816
province,Shandong,3,0.6763067626882266,0.703389800684631,0.027083037996404324,0.0400454933923076
province,Shanghai,3,0.7459016541410093,0.777476323797715,0.031574669656705745,0.04233087496376124
province,Shanxi,3,0.6176219283143557,0.6366153589927352,0.018993430678379553,0.030752519960256856
province,Sichuan_Chongqing,3,0.8990711097687333,NA,NA,NA
province,Tianjin,3,0.644940441484297,0.655455048909726,0.010514607425428979,0.016303222358378017
province,Xinjiang,3,0.5617770034162244,0.5939058877402924,0.03212888432406802,0.05719152640405167
province,Xizang,3,0.4088615030778469,0.4254384352421502,0.016576932164303282,0.040544125674622504
province,Yunnan,3,0.884846576911962,0.8940847680956924,0.009238191183730371,0.010440444055251769
province,Zhejiang,3,0.8513201698624477,0.8737973263324267,0.022477156469978943,0.026402706367935222
province,Anhui,4,0.7380263506271025,0.7664267162008996,0.028400365573797104,0.03848150618154115
province,Beijing,4,0.6090448658548012,0.6380515135524433,0.029006647697642052,0.047626454673303745
province,Fujian,4,0.9213504675772828,0.9433927549063034,0.022042287329020582,0.02392389009904277
province,Gansu,4,0.5745693719943411,0.586966078692862,0.012396706698520887,0.021575648307691177
province,Guangdong,4,0.960698653388148,0.9661669102308554,0.005468256842707464,0.005691958475659632
province,Guangxi,4,0.9454679645649612,0.9465224353027452,0.0010544707377839746,0.0011152897584099201
province,Guizhou,4,0.8132333589975734,0.8187993144639348,0.005565955466361405,0.0068442291560964034
province,Hainan,4,0.9972302477819396,0.9955058012504528,-0.001724446531486734,-0.001729236086974181
province,Hebei,4,0.6414046074076423,0.65925653001589,0.01785192260824775,0.027832545014604217
province,Heilongjiang,4,0.44181736031756375,0.45506054831397286,0.013243187996409111,0.029974349552245625
province,Henan,4,0.7084525096611324,0.7378334717449155,0.029380962083783158,0.04147202767033274
province,Hubei,4,0.7841645725638231,0.8100482044251369,0.025883631861313816,0.03300790773636633
province,Hunan,4,0.8285446522806257,0.8439444520541273,0.015399799773501588,0.018586565891304214
province,Jiangsu,4,0.7083337223871572,0.7438348861359972,0.03550116374884005,0.050119262470234356
province,Jiangxi,4,0.8596345856805149,0.8800540347326085,0.020419449052093586,0.0237536383391658
province,Jilin,4,0.46797264853826653,0.47750749311435625,0.009534844576089718,0.020374790291424576
province,Liaoning,4,0.5249428947862519,0.5329786597893126,0.00803576500306069,0.015307884120105525
province,Neimenggu,4,0.4390879844334997,0.4689722768425804,0.029884292409080693,0.06805991844125878
province,Ningxia,4,0.5401614295213625,0.5647552218183625,0.024593792296999983,0.04553044877490154
province,Qinghai,4,0.45446186667297406,0.445915094106736,-0.008546772566238037,-0.018806358009324915
province,Shaanxi,4,0.6788836680022131,0.69828713835826,0.019403470356046837,0.02858143636471099
province,Shandong,4,0.6574790095511388,0.6845741730096256,0.027095163458486837,0.04121068971766067
province,Shanghai,4,0.7221506622572492,0.756230145124396,0.03407948286714679,0.04719165216940115
province,Shanxi,4,0.5987938656083738,0.6179012172031606,0.019107351594786826,0.03190973169936165
province,Sichuan_Chongqing,4,0.8790163280788371,NA,NA,NA
province,Tianjin,4,0.6264900951844046,0.6379314288895676,0.011441333705162982,0.01826259312494841
province,Xinjiang,4,0.5425250365156846,0.5758319637596192,0.03330692724393458,0.061392424316203266
province,Xizang,4,0.3818656000329975,0.3976008467230024,0.015735246690004867,0.04120624295208881
province,Yunnan,4,0.8643262118276115,0.8743885348197592,0.01006232299214771,0.011641811684584922
province,Zhejiang,4,0.8294537683741624,0.8542864209827751,0.02483265260861267,0.029938561443017986
province,Anhui,5,0.7182014173270138,0.7453120776373328,0.027110660310318946,0.03774799054451717
province,Beijing,5,0.5907954240934353,0.6209892897811752,0.03019386568773985,0.051107142094189
province,Fujian,5,0.9053458969699502,0.9309907600610918,0.025644863091141668,0.028326038895157064
province,Gansu,5,0.5510186753795699,0.5634978014849418,0.01247912610537183,0.022647374150750094
province,Guangdong,5,0.951043441594531,0.9591011947566008,0.008057753162069803,0.00847253953884596
province,Guangxi,5,0.9341413883202804,0.9359655221152158,0.0018241337949354008,0.0019527384373959212
province,Guizhou,5,0.7851522066168587,0.7912119750313085,0.006059768414449773,0.007717953746268767
province,Hainan,5,0.9960787823240884,0.9939574993778508,-0.0021212829462375904,-0.0021296337035592037
province,Hebei,5,0.6233173135585358,0.6416735739608915,0.018356260402355717,0.02944930295223041
province,Heilongjiang,5,0.42592648136103983,0.4406106745438554,0.014684193182815553,0.03447588686172435
province,Henan,5,0.6898262002117332,0.718059149007991,0.028232948796257706,0.04092762610001181
province,Hubei,5,0.7615875533023176,0.7887202755080739,0.027132722205756243,0.03562653051261949
province,Hunan,5,0.8050153639130148,0.8236574541657652,0.018642090252750432,0.02315743411670437
province,Jiangsu,5,0.6882168562025472,0.7224528925677771,0.03423603636522987,0.04974600092496711
province,Jiangxi,5,0.8380803868078337,0.8610570949012085,0.02297670809337482,0.027415876155855234
province,Jilin,5,0.45094230077014047,0.4615709696536696,0.010628668883529147,0.023569908756346444
province,Liaoning,5,0.5076030727194385,0.5161976873681366,0.008594614648698151,0.01693176245496952
province,Neimenggu,5,0.4209230445355476,0.4514803772964476,0.030557332760900002,0.07259600812451927
province,Ningxia,5,0.5183294326739388,0.5441450433465409,0.025815610672602074,0.04980541147244032
province,Qinghai,5,0.4296323599186582,0.4205614788669138,-0.009070881051744417,-0.02111312344689724
province,Shaanxi,5,0.6580716478678911,0.677897541933289,0.01982589406539792,0.030127257616450298
province,Shandong,5,0.6383803320668576,0.665501962803737,0.027121630736879343,0.042485066306896954
province,Shanghai,5,0.6980383001995818,0.7343389675096771,0.03630066731009529,0.05200383317035222
province,Shanxi,5,0.5791485191170361,0.5985255405068901,0.019377021389853977,0.03345777594216417
province,Sichuan_Chongqing,5,0.8565139402278812,NA,NA,NA
province,Tianjin,5,0.6074639487621932,0.6202496620261841,0.012785713263990917,0.0210476906325781
province,Xinjiang,5,0.522569657375794,0.5569631826061445,0.03439352523035055,0.06581615435359509
province,Xizang,5,0.35548918122373796,0.37056880524132096,0.015079624017583004,0.04241936130284703
province,Yunnan,5,0.8421885859591111,0.8533700032560222,0.011181417296911134,0.013276619374005623
province,Zhejiang,5,0.8071173330631887,0.8332226331159612,0.026105300052772562,0.03234387242521131
province,Anhui,6,0.6978326811408199,0.7237298897741875,0.02589720863336764,0.03711091402459222
province,Beijing,6,0.5705439344331972,0.6043368049737393,0.03379287054054214,0.05922921707004637
province,Fujian,6,0.8875955107102205,0.9164629946147071,0.02886748390448668,0.032523242350998384
province,Gansu,6,0.5267495162374334,0.5394317775905554,0.012682261353122004,0.024076455624888415
province,Guangdong,6,0.9399072757673858,0.951375003008121,0.011467727240735193,0.012200913362833994
province,Guangxi,6,0.9204749391405588,0.9245486099832754,0.004073670842716592,0.0044256184166406
province,Guizhou,6,0.755885818063283,0.7623486392810634,0.006462821217780412,0.008549996657351419
province,Hainan,6,0.9940010020982546,0.9919343243816106,-0.0020666777166440387,-0.002079150536349009
province,Hebei,6,0.6045779173761654,0.623690744080283,0.019112826704117625,0.031613504487670065
province,Heilongjiang,6,0.4100199981214252,0.4255098704995755,0.015489872378150304,0.037778333859615945
province,Henan,6,0.6709798697144425,0.6978032284179254,0.026823358703482958,0.03997639856900404
province,Hubei,6,0.7386159550974458,0.7663902063854288,0.027774251287982943,0.037603102256731885
province,Hunan,6,0.7818486085170718,0.8024632152112674,0.02061460669419557,0.026366494062444117
province,Jiangsu,6,0.6679340006671927,0.7012991487880794,0.033365148120886756,0.04995276193090731
province,Jiangxi,6,0.8158479983385637,0.8407116386435884,0.024863640305024748,0.030475824363923657
province,Jilin,6,0.43352130036496733,0.4457561035946762,0.01223480322970888,0.028221919475257158
province,Liaoning,6,0.4898971983781132,0.499187025136512,0.00928982675839879,0.01896280850177204
province,Neimenggu,6,0.40250682002159743,0.4332711764918646,0.03076435647026715,0.07643188870344214
province,Ningxia,6,0.49495538345724366,0.5230682421476659,0.028112858690422238,0.056798773445103354
province,Qinghai,6,0.4045773140193373,0.3939622358120511,-0.010615078207286188,-0.026237452866125922
province,Shaanxi,6,0.6365253126739393,0.6568584308446125,0.02033311817067318,0.03194392707692497
province,Shandong,6,0.6184977068110886,0.646371667679926,0.027873960868837422,0.04506720164340258
province,Shanghai,6,0.6738825941927822,0.7131280235965648,0.03924542940378262,0.058237784655639
province,Shanxi,6,0.5586414858091967,0.5785024274485365,0.019860941639339824,0.035552213975965447
province,Sichuan_Chongqing,6,0.8312593218744199,NA,NA,NA
province,Tianjin,6,0.58842261220612,0.6033755578067758,0.014952945600655743,0.025411915331727323
province,Xinjiang,6,0.5020743538867193,0.5373101169670693,0.035235763080350035,0.07018036832110353
province,Xizang,6,0.32933688575654424,0.3445267430469276,0.015189857290383357,0.04612255094199244
province,Yunnan,6,0.8188491023332659,0.8308844612640157,0.012035358930749807,0.014697895981635331
province,Zhejiang,6,0.7842537628570749,0.810402098427002,0.026148335569927017,0.03334167690145005
province,Anhui,7,0.6775955178844264,0.7019822714498744,0.02438675356544795,0.035990134116571086
province,Beijing,7,0.5498417424790542,0.5868062794884445,0.0369645370093904,0.06722759323933747
province,Fujian,7,0.8676562381290253,0.8998897269323436,0.03223348880331833,0.037150068641038266
province,Gansu,7,0.5011447092420064,0.5136927185818142,0.01254800933980782,0.02503869462931573
province,Guangdong,7,0.9270403117901956,0.9426723403545306,0.015632028564334988,0.016862296456286976
province,Guangxi,7,0.905079063851514,0.9122993713967762,0.00722030754526215,0.007977543436411544
province,Guizhou,7,0.7255305719539908,0.7329224434369169,0.007391871482926082,0.010188228819935701
province,Hainan,7,0.9905618762714816,0.9890059209865006,-0.001555955284980981,-0.0015707805057445427
province,Hebei,7,0.5850824878422239,0.6056920300921603,0.020609542249936386,0.03522501985308788
province,Heilongjiang,7,0.3940725089508671,0.40980283214120666,0.015730323190339568,0.03991733204688182
province,Henan,7,0.6515922452271328,0.6772135973650258,0.025621352137893072,0.0393211434383507
province,Hubei,7,0.7157947538987725,0.7432395075649852,0.027444753666212796,0.03834165243140917
province,Hunan,7,0.7583873236421917,0.7803067823430019,0.021919458700810135,0.028902722945764542
province,Jiangsu,7,0.6475521103433746,0.680703310493813,0.03315120015043849,0.051194644602207455
province,Jiangxi,7,0.7932813244992512,0.8193614799246856,0.026080155425434404,0.03287630077752955
province,Jilin,7,0.416466163482043,0.4294137271231403,0.012947563641097282,0.03108911305745382
province,Liaoning,7,0.4717298213160894,0.4821270385333099,0.010397217217220478,0.022040618903873942
province,Neimenggu,7,0.3837876776358907,0.41487413318307526,0.031086455547184533,0.08099909757049849
province,Ningxia,7,0.4711515808423773,0.5009045657736395,0.029752984931262216,0.06314949613045236
province,Qinghai,7,0.3789844132668138,0.3674414126978632,-0.011543000568950634,-0.030457718483593927
province,Shaanxi,7,0.6142962311333341,0.6349097665719166,0.020613535438582464,0.03355634365614114
province,Shandong,7,0.5985394301456481,0.6273161285966188,0.02877669845097064,0.048078200034320444
province,Shanghai,7,0.650019501225944,0.6903986810823547,0.04037917985641071,0.062119951448002905
province,Shanxi,7,0.5376192844053134,0.5579286129338716,0.020309328528558268,0.03777641375164471
province,Sichuan_Chongqing,7,0.803805279536517,NA,NA,NA
province,Tianjin,7,0.5685643675469222,0.5856737507479053,0.017109383200983097,0.030092253714037228
province,Xinjiang,7,0.4811733348683205,0.5171828846848132,0.036009549816492736,0.07483696041956946
province,Xizang,7,0.30383052711060293,0.3182946477700007,0.014464120659397783,0.04760588344084475
province,Yunnan,7,0.7943630207878797,0.8070156417201907,0.01265262093231101,0.015928008481262957
province,Zhejiang,7,0.7609522474150109,0.7855625545262719,0.024610307111261,0.032341460577668735
province,Anhui,8,0.6567087734606865,0.6806371752381574,0.02392840177747091,0.03643685411932961
province,Beijing,8,0.5297432300336321,0.5690524685868718,0.039309238553239645,0.07420432451915242
province,Fujian,8,0.8460954219043387,0.8809491661566753,0.03485374425233656,0.041193632952049225
province,Gansu,8,0.47437740156720937,0.4869430682017528,0.012565666634543449,0.026488754719407002
province,Guangdong,8,0.912646077586457,0.932499177503661,0.019853099917203965,0.021753339443156963
province,Guangxi,8,0.8874959092684035,0.8983229186361815,0.010827009367778029,0.012199503405827688
province,Guizhou,8,0.6946371835060826,0.702793963060282,0.008156779554199356,0.011742503493736354
province,Hainan,8,0.9861354492149176,0.9853384270466896,-7.970221682279677e-4,-8.082278847824537e-4
province,Hebei,8,0.5653598369225638,0.5873038043501615,0.021943967427597744,0.03881416045937371
province,Heilongjiang,8,0.3775550539655309,0.3936841998918748,0.016129145926343902,0.04271998416373052
province,Henan,8,0.6318659234978838,0.6566421113026036,0.024776187804719796,0.03921114730727012
province,Hubei,8,0.6934676939688366,0.7199176320623178,0.026449938093481284,0.03814155774453411
province,Hunan,8,0.7352693137624821,0.7573022464588192,0.022032932696337104,0.0299657993118077
province,Jiangsu,8,0.6268541112342989,0.6605496894673722,0.03369557823307334,0.05375346133843727
province,Jiangxi,8,0.7704779048908293,0.7968603050022671,0.026382400111437776,0.03424160504015485
province,Jilin,8,0.39923951175523303,0.4128986440395867,0.01365913228435367,0.03421287693771115
province,Liaoning,8,0.45266813490256713,0.4651878261965255,0.012519691293958357,0.027657549380305093
province,Neimenggu,8,0.36455623784822866,0.3959094074582519,0.03135316961002327,0.08600365692570087
province,Ningxia,8,0.4461981939392118,0.4779409223348278,0.03174272839561604,0.071140423306914
province,Qinghai,8,0.3533461502083529,0.3405141036049881,-0.012832046603364788,-0.036315795702877435
province,Shaanxi,8,0.5915130250340795,0.6118668200481281,0.020353795014048548,0.034409715682720395
province,Shandong,8,0.5783217203132265,0.60828290722957,0.02996118691634353,0.05180712718193632
province,Shanghai,8,0.6276212423601939,0.6689540480442452,0.04133280568405129,0.06585628862499567
province,Shanxi,8,0.5158540729032579,0.5363266798203803,0.020472606917122382,0.03968681840951902
province,Sichuan_Chongqing,8,0.7744430716676205,NA,NA,NA
province,Tianjin,8,0.5486034941457147,0.5686564106862559,0.0200529165405412,0.03655265916920124
province,Xinjiang,8,0.45971866793108507,0.4966664989999543,0.03694783106886923,0.08037052581560156
province,Xizang,8,0.2800290094574435,0.293430644066562,0.013401634609118473,0.04785802240662192
province,Yunnan,8,0.7687299871108122,0.7817034096188076,0.01297342250799538,0.016876436103077718
province,Zhejiang,8,0.7371002422027799,0.7601385581348887,0.02303831593210881,0.03125533626642176
province,Anhui,9,0.6357898129632333,0.6597740552613767,0.023984242298143332,0.03772353977544824
province,Beijing,9,0.5091434323077951,0.5517113059160731,0.04256787360827796,0.0836068402480034
province,Fujian,9,0.823097005933125,0.8596055572591355,0.0365085513260105,0.04435510160144689
province,Gansu,9,0.4466448222412825,0.45894615507085246,0.012301332829569966,0.02754164431559144
province,Guangdong,9,0.8962339995148119,0.9207495374899288,0.024515537975116963,0.02735394772837091
province,Guangxi,9,0.8679978463899156,0.8822606741713114,0.01426282778139576,0.01643187001064138
province,Guizhou,9,0.662718427789,0.6724706855966526,0.009752257807652542,0.014715537396762296
province,Hainan,9,0.9801512000105234,0.9807973975539428,6.461975434194356e-4,6.592835303497029e-4
province,Hebei,9,0.545839924731931,0.5689110125185165,0.02307108778658551,0.04226713133509979
province,Heilongjiang,9,0.3605544523770264,0.3771649792497903,0.01661052687276393,0.04606939884740226
province,Henan,9,0.6114830233554955,0.6363203178755678,0.024837294520072217,0.04061812604997319
province,Hubei,9,0.671490334186044,0.6968457655642402,0.02535543137819618,0.03775993500923749
province,Hunan,9,0.711824923519669,0.7338289697794613,0.022004046259792354,0.030912160466357065
province,Jiangsu,9,0.6059494777198557,0.6407194631793279,0.034769985459472186,0.057380997488947656
province,Jiangxi,9,0.7481203330203949,0.7737537614289635,0.025633428408568526,0.03426377719888776
province,Jilin,9,0.3815913896042257,0.39625000950010375,0.014658619895878078,0.03841444093138875
province,Liaoning,9,0.4328355218345385,0.4483506427199942,0.015515120885455702,0.03584530405382653
province,Neimenggu,9,0.3449855286335263,0.3763656079006561,0.03138007926712982,0.09096056692993776
province,Ningxia,9,0.4199186361889304,0.453821145372218,0.03390250918328763,0.08073590039007977
province,Qinghai,9,0.3276771359887538,0.31390507015219865,-0.013772065836555158,-0.04202937685901841
province,Shaanxi,9,0.5678126887164586,0.587850596990951,0.020037908274492366,0.035289645111292046
province,Shandong,9,0.5582065525992863,0.5894126289016203,0.031206076302333963,0.055904174103695144
province,Shanghai,9,0.6049147624918808,0.6479018789517879,0.04298711645990705,0.0710630970268047
province,Shanxi,9,0.4935653085649647,0.5140904544098777,0.02052514584491294,0.04158547103845195
province,Sichuan_Chongqing,9,0.7427383821687729,NA,NA,NA
province,Tianjin,9,0.5309409148902083,0.5509378146861107,0.019996899795902356,0.037663135831295755
province,Xinjiang,9,0.4379530050520452,0.4757306784186874,0.03777767336664217,0.08625965099189757
province,Xizang,9,0.25869809319371756,0.2707302150948945,0.012032121901176918,0.046510284450249344
province,Yunnan,9,0.7422123580640272,0.7551364007174364,0.012924042653409185,0.01741286373500977
province,Zhejiang,9,0.7128029334867754,0.7346105023393426,0.021807568852567183,0.03059410648872109
province,Anhui,10,0.6146879789773955,0.6391855595055488,0.024497580528153318,0.03985368409011004
province,Beijing,10,0.48890747169123594,0.5335413480233354,0.044633876332099476,0.09129309514886592
province,Fujian,10,0.7987816113776062,0.8358006727110534,0.037019061333447234,0.046344408541907835
province,Gansu,10,0.4180069295000968,0.4298612627700698,0.011854333269972983,0.028359178839809727
province,Guangdong,10,0.8783659801028424,0.9068631772493656,0.028497197146523212,0.032443420842854884
province,Guangxi,10,0.8473821861045655,0.8638962832491235,0.016514097144557982,0.01948836949296002
province,Guizhou,10,0.6309888859521454,0.6419757229533055,0.010986837001160099,0.01741209274166732
province,Hainan,10,0.9721496335788334,0.9748419733924768,0.002692339813643363,0.002769470584206146
province,Hebei,10,0.5260850898220307,0.5504173747119834,0.02433228488995265,0.04625161473058287
province,Heilongjiang,10,0.34281748311768884,0.3602896830435699,0.01747219992588106,0.05096647862583739
province,Henan,10,0.5908591592134372,0.6163747331617819,0.025515573948344694,0.04318385109289243
province,Hubei,10,0.649180673329157,0.6743058205685977,0.025125147239440704,0.03870285772771517
province,Hunan,10,0.6884328596215867,0.7107266624400712,0.022293802818484476,0.032383408936550166
province,Jiangsu,10,0.5844621669038952,0.620590700108207,0.03612853320431186,0.06181500745496942
province,Jiangxi,10,0.7256427977707472,0.7506736045430062,0.025030806772258996,0.03449466714085267
province,Jilin,10,0.3636130381448694,0.37950706138690377,0.015894023242034372,0.04371136778572261
province,Liaoning,10,0.4127129852511204,0.4319081155993737,0.01919513034825332,0.04650963510773426
province,Neimenggu,10,0.32530991267266934,0.35659747856048624,0.03128756588781689,0.09617772059500324
province,Ningxia,10,0.3935957245725135,0.4292772058002159,0.03568148122770237,0.09065515451535004
province,Qinghai,10,0.30252680484753774,0.28796622330716193,-0.014560581540375817,-0.04812988901169868
province,Shaanxi,10,0.5437787084696483,0.5632058056616283,0.019427097191979992,0.0357261085978403
province,Shandong,10,0.5379504073489475,0.5703967383618447,0.03244633101289718,0.06031472524167178
province,Shanghai,10,0.5838641466404065,0.6266164174771877,0.042752270836781125,0.07322297675372012
province,Shanxi,10,0.4705880569463159,0.49154668789139166,0.020958630945075774,0.04453710763736341
province,Sichuan_Chongqing,10,0.7096877655014293,NA,NA,NA
province,Tianjin,10,0.5123831307697804,0.5336132625235099,0.021230131753729564,0.04143409585291071
province,Xinjiang,10,0.4160228771040965,0.4537569860106061,0.03773410890650958,0.09070200458487723
province,Xizang,10,0.23919963960747231,0.2499441838800265,0.010744544272554196,0.044918731023951546
province,Yunnan,10,0.7141108447571065,0.7271284856322571,0.01301764087515056,0.01822916003968306
province,Zhejiang,10,0.6880326815479612,0.7092570358859447,0.02122435433798353,0.030847886891407834
province,Anhui,11,0.5932496846470422,0.6193273257999602,0.026077641152917996,0.043957277732786425
province,Beijing,11,0.46969945678501773,0.5154491945959556,0.045749737810937885,0.09740215184425394
province,Fujian,11,0.7727516056143628,0.8107948820155901,0.03804327640122729,0.04923092507971127
province,Gansu,11,0.388873427380834,0.40041890431979055,0.011545476938956523,0.02968954967357472
province,Guangdong,11,0.8590422238775788,0.8907070797633581,0.031664855885779275,0.03686065132264302
province,Guangxi,11,0.8250649458080501,0.8431846962479133,0.018119750439863136,0.021961605000824582
province,Guizhou,11,0.5987241323690965,0.6113314632853919,0.0126073309162954,0.02105699475718366
province,Hainan,11,0.9622853181457562,0.9673904940013842,0.005105175855627975,0.00530526212897566
province,Hebei,11,0.5060607661599762,0.5319688527726186,0.025908086612642434,0.05119560405607961
province,Heilongjiang,11,0.32448922910758615,0.3431166733437347,0.018627444236148538,0.05740543156818468
province,Henan,11,0.5702958034273923,0.5964180409997074,0.026122237572315132,0.04580471645648521
province,Hubei,11,0.626567916676143,0.6517396142613866,0.025171697585243624,0.04017393312887138
province,Hunan,11,0.665075543916665,0.6880674378632674,0.022991893946602393,0.03457034942406981
province,Jiangsu,11,0.5626312068494523,0.6003982673368758,0.03776706048742351,0.06712578333311174
province,Jiangxi,11,0.7030830418938664,0.7277703471056887,0.024687305211822275,0.035112929399240066
province,Jilin,11,0.34530779998635364,0.36260037875357337,0.017292578767219735,0.05007873777511868
province,Liaoning,11,0.3929896215810416,0.4147265031629584,0.021736881581916778,0.05531159193076614
province,Neimenggu,11,0.3057544373982963,0.3363264541706501,0.030572016772353827,0.09998879176536256
province,Ningxia,11,0.36686134873810344,0.40436514494736325,0.03750379620925981,0.10222880207539438
province,Qinghai,11,0.27761233087420767,0.26289286948169405,-0.014719461392513622,-0.0530216411719238
province,Shaanxi,11,0.5188245204034092,0.5374437220402196,0.018619201636810412,0.03588728154624063
province,Shandong,11,0.5178297655490705,0.5510110980690713,0.033181332520000884,0.06407768484458927
province,Shanghai,11,0.561148386580961,0.6037293004804711,0.04258091389951013,0.07588173630677751
province,Shanxi,11,0.4468541466751213,0.4687440965708838,0.021889949895762484,0.048986789221130915
province,Sichuan_Chongqing,11,0.6765636132936389,NA,NA,NA
province,Tianjin,11,0.4936190142329895,0.5158936504122995,0.022274636179310026,0.045125158344885674
province,Xinjiang,11,0.3938663165004941,0.43184377772295607,0.03797746122246198,0.09642221137337176
province,Xizang,11,0.22033464127076643,0.2302769726078308,0.009942331337064375,0.04512377754002999
province,Yunnan,11,0.6841115347194402,0.697674535512766,0.013563000793325841,0.019825715698373863
province,Zhejiang,11,0.6631613018548812,0.6844502800686497,0.021288978213768517,0.032102262532844775
province,Anhui,12,0.5713017033034632,0.5999016156408442,0.028599912337381017,0.05006096108589643
province,Beijing,12,0.4498296639462694,0.4958808182775721,0.04605115433130269,0.10237464983368313
province,Fujian,12,0.7463227970133924,0.7838915664680405,0.03756876945464804,0.05033849911189821
province,Gansu,12,0.3594097413204283,0.3705030795177968,0.011093338197368519,0.03086543552384786
province,Guangdong,12,0.8383090125234819,0.8720367783655707,0.03372776584208881,0.04023309464437382
province,Guangxi,12,0.8011539760097003,0.8206189140693421,0.01946493805964178,0.02429612614118275
province,Guizhou,12,0.5657104421476299,0.5801653917572525,0.01445494960962257,0.02555185220684039
province,Hainan,12,0.9505102909616092,0.9583420710491676,0.00783178008755836,0.008239553176888943
province,Hebei,12,0.4860903972710808,0.5132326862595178,0.027142288988437013,0.05583794524807372
province,Heilongjiang,12,0.30550754392628043,0.3252302939803478,0.019722750054067373,0.06455732582114736
province,Henan,12,0.5495838575667196,0.5762718665036766,0.026688008936956997,0.048560394504886036
province,Hubei,12,0.6034497963086275,0.628772849395739,0.02532305308711147,0.04196381081245785
province,Hunan,12,0.6416900680982681,0.6645437687419151,0.022853700643647,0.03561485798179316
province,Jiangsu,12,0.5402179084988341,0.580364733425512,0.04014682492667787,0.0743159830414332
province,Jiangxi,12,0.6801468930937564,0.7042860452856443,0.02413915219188789,0.03549108646528857
province,Jilin,12,0.3262854018691857,0.34517161652290956,0.018886214653723865,0.05788249963231798
province,Liaoning,12,0.3738246027545837,0.3968887321516844,0.02306412939710073,0.06169772997055081
province,Neimenggu,12,0.28624454464741167,0.31586432067678233,0.02961977602937066,0.10347717217058408
province,Ningxia,12,0.3412859932645961,0.3783489938547142,0.037063000590118134,0.10859807118243939
province,Qinghai,12,0.25337715752321144,0.23878528459548473,-0.014591872927726707,-0.05758953597223921
province,Shaanxi,12,0.49313002936775086,0.5111246333143963,0.017994603946645427,0.036490586407233336
province,Shandong,12,0.4979281005082943,0.5313143678358968,0.033386267327602526,0.06705037794316328
province,Shanghai,12,0.5358364500219751,0.5794977157328782,0.04366126571090312,0.08148244806621971
province,Shanxi,12,0.4223315342069977,0.4452386896797843,0.0229071554727866,0.05423974678045021
province,Sichuan_Chongqing,12,0.6434368089053364,NA,NA,NA
province,Tianjin,12,0.4751176736554728,0.4984845827758168,0.023366909120344004,0.049181309001963804
province,Xinjiang,12,0.371729572071561,0.4096975830852524,0.037968011013691405,0.10213879622787247
province,Xizang,12,0.20126433860967627,0.2110104701817512,0.009746131572074934,0.04842453282782589
province,Yunnan,12,0.6521416410463091,0.6670790834389105,0.014937442392601419,0.022905211770613953
province,Zhejiang,12,0.6381213511456797,0.6598585755647571,0.02173722441907744,0.03406440543017491
province,Anhui,13,0.5485276088732739,0.5802903217191049,0.03176271284583099,0.05790540408909319
province,Beijing,13,0.4282984463959554,0.47548386239878626,0.04718541600283088,0.11016947738168699
province,Fujian,13,0.7195412758939638,0.7557997846209711,0.03625850872700731,0.05039114494433895
province,Gansu,13,0.3302722566664568,0.3409922299346421,0.010719973268185301,0.032457988982742325
province,Guangdong,13,0.8166535930746152,0.8509942580552083,0.03434066498059318,0.04205046701785047
province,Guangxi,13,0.7759919205121328,0.7969151678981824,0.02092324738604956,0.02696322839578124
province,Guizhou,13,0.5322279888805237,0.5491667284280876,0.016938739547563864,0.03182609690105254
province,Hainan,13,0.9359436289844127,0.946926116109653,0.010982487125240303,0.011734133109231524
province,Hebei,13,0.4655926572464984,0.4939951612914962,0.02840250404499778,0.061002903724834
province,Heilongjiang,13,0.2859991485469005,0.3063551908278475,0.020356042280947007,0.07117518490656924
province,Henan,13,0.528162561354989,0.556101465794883,0.027938904439893997,0.05289830534034328
province,Hubei,13,0.5797547811441253,0.6053523930867825,0.025597611942657195,0.044152480971594965
province,Hunan,13,0.6183305450930779,0.6404316952365302,0.022101150143452264,0.035743261138951744
province,Jiangsu,13,0.5174509357237518,0.559626684847756,0.042175749124004236,0.08150675979552259
province,Jiangxi,13,0.6570259160015767,0.67982045353704,0.022794537535463344,0.03469351357429353
province,Jilin,13,0.3072344670082481,0.3267481859269913,0.019513718918743206,0.06351409432919952
province,Liaoning,13,0.35473150523480657,0.37845669455228376,0.02372518931747719,0.06688210369635152
province,Neimenggu,13,0.26689690234980434,0.2951360494474595,0.02823914709765518,0.10580545090270091
province,Ningxia,13,0.3159207937647183,0.35263857536352505,0.03671778159880673,0.11622464340271398
province,Qinghai,13,0.23084946772800424,0.2157914783043921,-0.01505798942361214,-0.06522860794010599
province,Shaanxi,13,0.4663025303339105,0.48422763616840153,0.01792510583449103,0.038440936234369553
province,Shandong,13,0.47792224973108727,0.5114928799394675,0.03357063020838019,0.0702428694777642
province,Shanghai,13,0.5107289360681937,0.5568259261493288,0.0460969900811351,0.0902572515980965
province,Shanxi,13,0.3969434189906102,0.4211415725157461,0.02419815352513588,0.0609612160510672
province,Sichuan_Chongqing,13,0.6107387859767287,NA,NA,NA
province,Tianjin,13,0.4561927408536993,0.48064372603901473,0.02445098518531541,0.053597926919132684
province,Xinjiang,13,0.34967913530486877,0.3873083073473645,0.03762917204249572,0.10761057278893296
province,Xizang,13,0.18215270710389708,0.19142533263734487,0.0092726255334477925,0.050905779446686075
province,Yunnan,13,0.6178777758729065,0.634770642897047,0.0168928670241405,0.027340143445481774
province,Zhejiang,13,0.6129086371456967,0.6347974532541696,0.02188881610847293,0.03571301623421186
province,Anhui,14,0.5254646014760941,0.5600302259218193,0.034565624445725196,0.06578107135785388
province,Beijing,14,0.40494577754937033,0.45526119079212185,0.05031541324275152,0.12425222346371334
province,Fujian,14,0.6920099859959383,0.7272094666887062,0.035199480692767904,0.05086556755696081
province,Gansu,14,0.3015464581145316,0.3116585840804451,0.010112125965913488,0.03353422231897932
province,Guangdong,14,0.7936510252846065,0.8283997164580688,0.03474869117346224,0.04378333810001848
province,Guangxi,14,0.7499468670874465,0.7719561263438176,0.022009259256371094,0.029347758117649066
province,Guizhou,14,0.4979632170349497,0.5175656918888221,0.019602474853872343,0.03936530688068178
province,Hainan,14,0.918664154597992,0.9320816369801384,0.01341748238214635,0.014605427146570064
province,Hebei,14,0.44474537424675087,0.4737873620811589,0.029041987834408034,0.06530025834129337
province,Heilongjiang,14,0.26582402109754216,0.2868724357431187,0.021048414645576552,0.07918176302755195
province,Henan,14,0.5063172550328068,0.5355552111061886,0.029237956073381866,0.0577463157393034
province,Hubei,14,0.5556433165499595,0.5822465058661447,0.026603189316185216,0.047878177463497394
province,Hunan,14,0.5954385430801091,0.6155526766861387,0.02011413360602954,0.033780368838708885
province,Jiangsu,14,0.4947662210458328,0.5385859805997993,0.04381975955396655,0.08856659507057839
province,Jiangxi,14,0.6330528249193679,0.6550952523368084,0.022042427417440558,0.03481925449151595
province,Jilin,14,0.28753130680926553,0.3076065242909306,0.020075217481665075,0.06981924057049554
province,Liaoning,14,0.3357228027359458,0.35886493792827306,0.023142135192327273,0.06893227092033165
province,Neimenggu,14,0.2476544767374447,0.27441423630796746,0.026759759570522762,0.1080527997032438
province,Ningxia,14,0.2915183506532745,0.3270290113540284,0.03551066070075387,0.12181277995425223
province,Qinghai,14,0.20929669041453455,0.1947139188836973,-0.014582771530837257,-0.06967511766170079
province,Shaanxi,14,0.43866725493100894,0.4563812357216141,0.017713980790605155,0.04038136102361027
province,Shandong,14,0.45750419818042504,0.4911901463846022,0.03368594820417714,0.07362981222500713
province,Shanghai,14,0.4885614804992203,0.5330949372261443,0.04453345672692399,0.09115220602618725
province,Shanxi,14,0.3709885058047479,0.3964410967213848,0.025452590916636875,0.06860749192599684
province,Sichuan_Chongqing,14,0.578081286523568,NA,NA,NA
province,Tianjin,14,0.4368655588580885,0.4615962520751109,0.024730693217022426,0.05660939095694644
province,Xinjiang,14,0.32799177102020355,0.365115942998632,0.03712417197842843,0.11318629081136816
province,Xizang,14,0.16299084998143795,0.1717344026459361,0.008743552664498139,0.0536444387245903
province,Yunnan,14,0.5805463823942082,0.6003118279397932,0.019765445545585014,0.034046281477237234
province,Zhejiang,14,0.5868238954818552,0.609573977620102,0.022750082138246808,0.03876815909066922
province,Anhui,15,0.5028855392642234,0.5390774603941342,0.036191921129910765,0.07196850635805417
province,Beijing,15,0.3826106323265549,0.43446528264979306,0.05185465032323816,0.13552851369530333
province,Fujian,15,0.6635322913424643,0.6982345792895155,0.034702287947051214,0.052299320469906964
province,Gansu,15,0.27424943206277463,0.2831296020881075,0.008880170025332867,0.03237990306320938
province,Guangdong,15,0.7695932538235514,0.8041584944519696,0.03456524062841826,0.044913648159841085
province,Guangxi,15,0.7226484213330464,0.7459575606986246,0.023309139365578213,0.032255158494057995
province,Guizhou,15,0.462936244198633,0.4853222113574068,0.02238596715877378,0.04835647983779077
province,Hainan,15,0.8977405444972418,0.9142551588079986,0.016514614310756737,0.018395754109563307
province,Hebei,15,0.42340135029345555,0.4524443724432205,0.029043022149764952,0.06859454304913176
province,Heilongjiang,15,0.24545992075150672,0.26700358112959144,0.021543660378084722,0.0877685461321998
province,Henan,15,0.48337686081540343,0.5137814031115594,0.030404542296155967,0.06290028497612993
province,Hubei,15,0.5310592902452748,0.5590107490117273,0.027951458766452553,0.05263340512043939
province,Hunan,15,0.5714979483207147,0.590127216362178,0.018629268041463365,0.03259726145334987
province,Jiangsu,15,0.4724881111339127,0.5170352571854794,0.04454714605156668,0.09428204647236323
province,Jiangxi,15,0.6080460141614994,0.6304531956756899,0.022407181514190522,0.03685112802702969
province,Jilin,15,0.26700238756450945,0.2881212709242992,0.02111888335978973,0.07909623412894493
province,Liaoning,15,0.3162879908636927,0.3381856838467214,0.021897692983028683,0.06923339998851143
province,Neimenggu,15,0.22859193830100105,0.2536260447521924,0.025034106451191362,0.10951438899051381
province,Ningxia,15,0.2681371573470839,0.30161992666229204,0.03348276931520816,0.12487179936746765
province,Qinghai,15,0.18883818469380056,0.17473452162739606,-0.01410366306640451,-0.07468649992200187
province,Shaanxi,15,0.4101776517533272,0.42801666653555287,0.01783901478222566,0.043490947656391804
province,Shandong,15,0.4362639703721936,0.4695471002158928,0.03328312984369919,0.07629126424376523
province,Shanghai,15,0.46602628458056017,0.5083233059334968,0.04229702135293667,0.09076102089607554
province,Shanxi,15,0.34488645136078105,0.37073822099775566,0.02585176963697461,0.07495733605937284
province,Sichuan_Chongqing,15,0.5451174640665093,NA,NA,NA
province,Tianjin,15,0.41614066748912737,0.44131299317064215,0.025172325681514784,0.06048994402156686
province,Xinjiang,15,0.3068907526197858,0.3429914093020963,0.036100656682310495,0.11763357603360713
province,Xizang,15,0.14373678899748363,0.15155503972710632,0.007818250729622694,0.054392830006516756
province,Yunnan,15,0.5393509517103188,0.5625373911923622,0.023186439482043464,0.04298952177337906
province,Zhejiang,15,0.5606791971343003,0.5841384179093759,0.023459220775075673,0.04184071906890537
province,Anhui,16,0.48078416236160654,0.5181429776558576,0.03735881529425106,0.07770392250598473
province,Beijing,16,0.3600093048995772,0.4118932093869126,0.051883904487335375,0.144118231893501
province,Fujian,16,0.6340246785173852,0.6692871641959688,0.03526248567858359,0.055616897690862796
province,Gansu,16,0.24804777487216967,0.25591288632072284,0.007865111448553175,0.031708050808383285
province,Guangdong,16,0.7437315276094473,0.7781392393577877,0.03440771174834045,0.046263618619121975
province,Guangxi,16,0.6948546281084148,0.7192431028454025,0.024388474736987686,0.035098672082504244
province,Guizhou,16,0.4265403413731116,0.4517670232483584,0.025226681875246793,0.05914254626898238
province,Hainan,16,0.8715696235755891,0.8933296939665007,0.021760070390911657,0.024966531419075393
province,Hebei,16,0.4015603307646985,0.4303883877372865,0.028828056972588,0.07179010167087525
province,Heilongjiang,16,0.22468379412024347,0.24715853444681013,0.022474740326566656,0.10002831051775325
province,Henan,16,0.4594369257293242,0.4908255788799602,0.03138865315063599,0.06831983106453336
province,Hubei,16,0.5056330072924251,0.5355131658936261,0.029880158601200968,0.059094557060671155
province,Hunan,16,0.5466308214400013,0.5650419573896523,0.018411135949651047,0.033681115713801495
province,Jiangsu,16,0.45033029541265834,0.4947761981589822,0.04444590274632387,0.09869623074236222
province,Jiangxi,16,0.5829438654468548,0.6066827693822875,0.023738903935432654,0.040722452610828366
province,Jilin,16,0.24608205364194757,0.2686326290473746,0.022550575405427042,0.0916384395842145
province,Liaoning,16,0.2958504524265052,0.3167376750880581,0.020887222661552907,0.07060061084997557
province,Neimenggu,16,0.21007959701482207,0.2336210776966104,0.023541480681788324,0.11205981454794663
province,Ningxia,16,0.24590234779958087,0.2770543981625354,0.031152050362954542,0.12668463982436054
province,Qinghai,16,0.1694823371779711,0.15533378826118308,-0.014148548916788017,-0.08348096416637693
province,Shaanxi,16,0.38112327579954064,0.3990707608965435,0.017947485097002835,0.04709102339486259
province,Shandong,16,0.4145849641678455,0.44648165226982134,0.03189668810197582,0.07693643247771617
province,Shanghai,16,0.4426521228876438,0.4845921452210466,0.04194002233340283,0.09474713926549554
province,Shanxi,16,0.31884464226200554,0.34408571955479456,0.025241077292789016,0.0791641882821652
province,Sichuan_Chongqing,16,0.5118836548914,NA,NA,NA
province,Tianjin,16,0.3950487938518986,0.41983716519327424,0.024788371341375626,0.06274761935020269
province,Xinjiang,16,0.28624595796450647,0.32105777226737225,0.034811814302865784,0.12161504235871981
province,Xizang,16,0.12451761213656924,0.1312423439389655,0.006724731802396258,0.054006270173416616
province,Yunnan,16,0.493584918964807,0.5206628663398002,0.027077947374993194,0.05485975428865134
province,Zhejiang,16,0.5341493536946181,0.5593192284434403,0.025169874748822152,0.04712141758616108
province,Anhui,17,0.4583950277706011,0.4959044097856033,0.0375093820150022,0.08182763717448822
province,Beijing,17,0.3367240263577553,0.3888757632611659,0.05215173690341063,0.15487976152910923
province,Fujian,17,0.603974363059641,0.6404786265624367,0.036504263502795675,0.06044008775119312
province,Gansu,17,0.2231112402142273,0.23009244849955773,0.0069812082853304425,0.03129025807318007
province,Guangdong,17,0.7161633110646927,0.7505333068499747,0.03436999578528199,0.04799184104277198
province,Guangxi,17,0.6667453032141514,0.691097209652217,0.024351906438065618,0.03652355152810735
province,Guizhou,17,0.38922366679873566,0.41628946546750456,0.027065798668768903,0.06953790577890116
province,Hainan,17,0.8422386943155162,0.8689179244053323,0.026679230089816097,0.031676566595528116
province,Hebei,17,0.37945447735407306,0.4075638407925462,0.028109363438473145,0.07407835489115601
province,Heilongjiang,17,0.20452772959694032,0.22740742949178416,0.02287969989484384,0.11186600437961404
province,Henan,17,0.4348791233550764,0.4667551257200191,0.0318760023649427,0.07329853435828448
province,Hubei,17,0.4793332727657998,0.5119159189178843,0.03258264615208456,0.06797493102049751
province,Hunan,17,0.521165051824632,0.5404573196018164,0.019292267777184402,0.03701757765537222
province,Jiangsu,17,0.4272938308588837,0.4714954778683512,0.04420164700946749,0.10344555389582806
province,Jiangxi,17,0.5575402698775846,0.5835222271560577,0.025981957278473078,0.0466010415430221
province,Jilin,17,0.22443471470261095,0.24874032888844308,0.02430561418583213,0.10829703514466772
province,Liaoning,17,0.2746813503022941,0.29489096896294437,0.02020961866065024,0.07357477542035169
province,Neimenggu,17,0.1924574878086272,0.214387548978207,0.021930061169579795,0.11394756015617463
province,Ningxia,17,0.2250688153598148,0.2535831809283375,0.028514365568522687,0.12669176546265246
province,Qinghai,17,0.15031672692678083,0.13624826603095117,-0.014068460895829665,-0.09359211834543472
province,Shaanxi,17,0.35140191933990084,0.3699354080640116,0.018533488724110758,0.05274156942262986
province,Shandong,17,0.3923940921712666,0.4222465806837189,0.029852488512452313,0.07607782356576032
province,Shanghai,17,0.41902899894837187,0.4617274902521043,0.04269849130373243,0.1018986547730394
province,Shanxi,17,0.2934309381326691,0.3167534896061284,0.023322551473459352,0.07948225099193364
province,Sichuan_Chongqing,17,0.47854092501454015,NA,NA,NA
province,Tianjin,17,0.373744716796805,0.39805400834022886,0.024309291543423872,0.06504250214362277
province,Xinjiang,17,0.26597900463453733,0.29943032038232675,0.03345131574778942,0.12576675288244077
province,Xizang,17,0.1052524605613012,0.11090898945961024,0.005656528898309032,0.0537424860962234
province,Yunnan,17,0.44471651894738173,0.47513941834969975,0.030422899402318015,0.06840964548456005
province,Zhejiang,17,0.5070485007367684,0.534872390962679,0.027823890225910586,0.05487421851259001
province,Anhui,18,0.4343887678387187,0.47240445523823865,0.03801568739951994,0.0875153554007974
province,Beijing,18,0.31171683493797253,0.3645538188615769,0.052836983923604364,0.1695031451673703
province,Fujian,18,0.573384566706218,0.6124318521599929,0.039047285453774894,0.06809964502197936
province,Gansu,18,0.20027585297751,0.2062383665289196,0.005962513551409615,0.029771504965599504
province,Guangdong,18,0.6874879445420261,0.7216644550664225,0.03417651052439641,0.04971215974872589
province,Guangxi,18,0.6378806395506951,0.6625344371183824,0.024653797567687374,0.03864954670054386
province,Guizhou,18,0.35288231151827626,0.3796516247458313,0.026769313227555047,0.07585903955451909
province,Hainan,18,0.8103818871844548,0.8421203598828122,0.03173847269835739,0.03916483475294315
province,Hebei,18,0.35738114230435386,0.3839453325984643,0.026564190294110446,0.07433013986923737
province,Heilongjiang,18,0.18467187263703697,0.20754083484734095,0.02286896221030399,0.12383565447052002
province,Henan,18,0.4091295449059666,0.44165769069445054,0.03252814578848395,0.07950573649224024
province,Hubei,18,0.45236085748523974,0.48775067278824186,0.035389815303002115,0.07823359319756543
province,Hunan,18,0.4951647507525989,0.5163827614346953,0.02121801068209639,0.042850406152391135
province,Jiangsu,18,0.4031682562246605,0.4467265932072456,0.0435583369825851,0.10804009569223812
province,Jiangxi,18,0.5312264359443243,0.5603344977148532,0.029108061770528937,0.05479407612459188
province,Jilin,18,0.20281213032270812,0.2279613358536554,0.025149205530947294,0.12400247209538547
province,Liaoning,18,0.2532681648092643,0.2727238931594508,0.019455728350186496,0.07681868885826437
province,Neimenggu,18,0.17529144998815688,0.1959296786526954,0.020638228664538516,0.11773665324767914
province,Ningxia,18,0.20554260032490432,0.23157182134468948,0.026029221019785165,0.1266366241287226
province,Qinghai,18,0.1313123346691804,0.1182770217841712,-0.013035312885009212,-0.09926952344461405
province,Shaanxi,18,0.32183209383928113,0.3403760358115032,0.01854394197222209,0.0576199276803099
province,Shandong,18,0.36988756790058536,0.3970183938997968,0.02713082599921146,0.07334884530778123
province,Shanghai,18,0.39413325443603014,0.4361834436745915,0.04205018923856135,0.10669028498681608
province,Shanxi,18,0.2685211195354194,0.28915344399646464,0.020632324461045237,0.07683687784686045
province,Sichuan_Chongqing,18,0.4447605369499682,NA,NA,NA
province,Tianjin,18,0.35173263785805875,0.3762747773810206,0.02454213952296186,0.06977498497840796
province,Xinjiang,18,0.24618716685810027,0.2781801801025944,0.031993013244494106,0.1299540250322412
province,Xizang,18,0.08605548679588593,0.090619355931326,0.004563869135440074,0.053034028454978885
province,Yunnan,18,0.3939832924992832,0.4264895800159424,0.03250628751665918,0.08250676649370435
province,Zhejiang,18,0.4789471813159723,0.5096823041023739,0.030735122786401614,0.06417225945865826
province,Anhui,19,0.4089781523451339,0.4469753776369325,0.03799722529179861,0.09290771419920008
province,Beijing,19,0.28596670652535744,0.3392162663103894,0.053249559785031986,0.1862089486991039
province,Fujian,19,0.5421208280515148,0.585901531439525,0.0437807033880101,0.08075820208820653
province,Gansu,19,0.1792776498679755,0.18444300226500815,0.005165352397032641,0.028812026489841505
province,Guangdong,19,0.6571443161033982,0.6918706604494342,0.03472634434603605,0.05284431972561115
province,Guangxi,19,0.6082929890572598,0.6326301124273577,0.024337123370097857,0.04000888356089035
province,Guizhou,19,0.3167011312221416,0.34293149088261915,0.026230359660477542,0.08282370056354157
province,Hainan,19,0.7770979203089341,0.8105964670435095,0.03349854673457542,0.043107240232039386
province,Hebei,19,0.3347372533699331,0.3595103869073458,0.024773133537412728,0.07400769794222704
province,Heilongjiang,19,0.16540298805838463,0.1880750917879588,0.022672103729574178,0.13707191143107575
province,Henan,19,0.3825673818191304,0.4153753571515989,0.032807975332468486,0.08575737737092126
province,Hubei,19,0.4249779608506945,0.4622723289364167,0.037294368085722174,0.08775600506687128
province,Hunan,19,0.4678758295333748,0.4919280144907648,0.024052184957389977,0.05140719703639718
province,Jiangsu,19,0.37932583859286073,0.4205724381036251,0.04124659951076437,0.10873659348852137
province,Jiangxi,19,0.503734606170081,0.5362833143215485,0.03254870815146749,0.06461479468114552
province,Jilin,19,0.18149451537407868,0.20654777247297132,0.02505325709889264,0.13803864567067123
province,Liaoning,19,0.2313896705608332,0.2500393460160046,0.018649675455171377,0.08059856522535784
province,Neimenggu,19,0.158887924335938,0.1787365509993576,0.019848626663419577,0.12492218490722723
province,Ningxia,19,0.18768975824215672,0.21048578073744584,0.022796022495289114,0.12145586796418459
province,Qinghai,19,0.1127030173697874,0.10074517865266557,-0.011957838717121833,-0.10610043099278549
province,Shaanxi,19,0.29243267290931396,0.310851849865665,0.018419176956351035,0.06298604315689099
province,Shandong,19,0.346964333214439,0.37065009276313454,0.023685759548695562,0.06826568981675916
province,Shanghai,19,0.37070543669161093,0.41048062642720445,0.03977518973559352,0.10729594389165222
province,Shanxi,19,0.24443815766265667,0.2622623620833238,0.01782420442066715,0.07291907528310664
province,Sichuan_Chongqing,19,0.4102472983400259,NA,NA,NA
province,Tianjin,19,0.33008325063343497,0.3530079597000572,0.02292470906662225,0.0694512945525996
province,Xinjiang,19,0.22666358888403937,0.25788065795262755,0.031217069068588177,0.13772423361989017
province,Xizang,19,0.06756893276184721,0.07115577160680876,0.003586838844961554,0.05308414234695242
province,Yunnan,19,0.34555312240522984,0.37729467656750953,0.031741554162279695,0.09185723439956767
province,Zhejiang,19,0.45074094963106,0.4829391394115287,0.03219818978046873,0.07143391299775084
province,Anhui,20,0.3826408156727477,0.41956654239103086,0.03692572671828315,0.09650232072958927
province,Beijing,20,0.2606352643635609,0.3130467160932712,0.052411451729710345,0.2010911756614848
province,Fujian,20,0.5092305331399427,0.5594389201234499,0.05020838698350716,0.09859657604173803
province,Gansu,20,0.15966385155413618,0.16467460180879198,0.005010750254655805,0.03138312276625021
province,Guangdong,20,0.6257497123742258,0.6623172222737888,0.03656750989956292,0.058437917231824385
province,Guangxi,20,0.5773278066010282,0.6028062572126719,0.025478450611643666,0.04413168796016604
province,Guizhou,20,0.2812616041746608,0.30653632502692557,0.025274720852264787,0.08986196650065832
province,Hainan,20,0.7417951122317705,0.7750985761730618,0.033303463941291245,0.04489577161150898
province,Hebei,20,0.31110922616322745,0.3341819389569187,0.023072712793691275,0.07416274045690269
province,Heilongjiang,20,0.14694386269953136,0.16918166955330924,0.02223780685377788,0.15133539057190445
province,Henan,20,0.3554731886942119,0.3874839504800921,0.03201076178588019,0.09005112847882532
province,Hubei,20,0.3968737698091655,0.43561681732594726,0.03874304751678176,0.09762057980151002
province,Hunan,20,0.4395958630742612,0.4676429130477612,0.028047049973499993,0.0638018969909232
province,Jiangsu,20,0.3553724104650818,0.3927172980089239,0.03734488754384213,0.10508662587218928
province,Jiangxi,20,0.4749156574804748,0.5115121299401604,0.03659647245968556,0.07705888800095025
province,Jilin,20,0.16078035922513473,0.18631698843029043,0.025536629205155703,0.15882928318002895
province,Liaoning,20,0.20960134023174143,0.22762459891698195,0.018023258685240517,0.08598827977585197
province,Neimenggu,20,0.14335525488850143,0.16270439275330578,0.019349137864804355,0.13497334213422235
province,Ningxia,20,0.1711798784004771,0.19167762925704152,0.020497750856564412,0.11974392696207968
province,Qinghai,20,0.09434599330135952,0.08420866260106692,-0.010137330700292602,-0.1074484495373533
province,Shaanxi,20,0.2640830428273857,0.28099275205826396,0.016909709230878256,0.06403178731142938
province,Shandong,20,0.3238641427789209,0.34329735981853915,0.019433217039618256,0.06000422545352276
province,Shanghai,20,0.34527841589849373,0.38236594181632005,0.037087525917826325,0.10741339223685925
province,Shanxi,20,0.22094765653518755,0.2365502639893463,0.015602607454158757,0.07061675918555817
province,Sichuan_Chongqing,20,0.37640662948609466,NA,NA,NA
province,Tianjin,20,0.30630387768368067,0.3295530139874413,0.02324913630376063,0.0759021938591648
province,Xinjiang,20,0.20787633013148812,0.23815489836863793,0.030278568237149805,0.145656642187197
province,Xizang,20,0.05021005537583301,0.05316355783457464,0.0029535024587416317,0.058822927730990016
province,Yunnan,20,0.30020254051085166,0.33192729750207617,0.03172475699122451,0.10567784315628645
province,Zhejiang,20,0.422726045288403,0.454555112089588,0.03182906680118497,0.07529478525381544
province,Anhui,21,0.3559401547089536,0.39052454416477106,0.03458438945581743,0.09716349503780071
province,Beijing,21,0.23614080086475103,0.2868121723163414,0.05067137145159034,0.21458117896623982
province,Fujian,21,0.47512297065662057,0.5306165660031196,0.055493595346499,0.11679838436311926
province,Gansu,21,0.14119212399142,0.1464544903582286,0.005262366366808602,0.03727096255828254
province,Guangdong,21,0.592292406864786,0.6331237103757799,0.040831303510993844,0.06893774601489225
province,Guangxi,21,0.5442990198942075,0.5732856062728453,0.028986586378637824,0.053254893577195477
province,Guizhou,21,0.2466377910765629,0.270930792439745,0.024293001363182104,0.09849667099735301
province,Hainan,21,0.704085775593398,0.7384096334326447,0.03432385783924663,0.048749540225150476
province,Hebei,21,0.2870699613657819,0.30792880650983456,0.020858845144052673,0.07266119048058298
province,Heilongjiang,21,0.1300346548119818,0.15122288272782566,0.021188227915843877,0.16294293199362983
province,Henan,21,0.32876963807947096,0.35859363322377413,0.029823995144303173,0.09071395801182239
province,Hubei,21,0.3682292449410408,0.4071535876571359,0.03892434271609507,0.10570682054959393
province,Hunan,21,0.4107426673906104,0.442392155919025,0.03164948852841459,0.07705429954350562
province,Jiangsu,21,0.3300700484187299,0.36350037951056663,0.03343033109183674,0.10128253457710502
province,Jiangxi,21,0.4445593256239006,0.4856190840077988,0.04105975838389819,0.09236058275523602
province,Jilin,21,0.14202761778225192,0.16647763678773347,0.02445001900548155,0.17214975078274442
province,Liaoning,21,0.18705110938294417,0.2046538701574056,0.017602760774461435,0.09410669005134754
province,Neimenggu,21,0.12875860545493217,0.1476226668861827,0.018864061431250523,0.14650718967170923
province,Ningxia,21,0.15493003218981571,0.17379467622798497,0.01886464403816926,0.12176234505042155
province,Qinghai,21,0.07675669835593842,0.06872522624380903,-0.008031472112129387,-0.10463545572121417
province,Shaanxi,21,0.23697565193808223,0.2521521492313117,0.015176497293229452,0.0640424329213147
province,Shandong,21,0.3001153834679831,0.3156682842500318,0.015552900782048684,0.05182307085470644
province,Shanghai,21,0.3191622872120885,0.3546925305090196,0.03553024329693111,0.11132343864085886
province,Shanxi,21,0.1987606785080668,0.2128043303975954,0.01404365188952858,0.07065608748643214
province,Sichuan_Chongqing,21,0.3436215524953424,NA,NA,NA
province,Tianjin,21,0.28248208095871563,0.3046774227156095,0.02219534175689386,0.07857256531658614
province,Xinjiang,21,0.18946462786817853,0.2190415193901027,0.029576891521924165,0.1561077223475324
province,Xizang,21,0.03516638269143209,0.0371572051505353,0.00199082245910321,0.056611522332897
province,Yunnan,21,0.2591762743307316,0.29045446981508893,0.03127819548435734,0.1206830971126764
province,Zhejiang,21,0.39485013494505905,0.4258850900583758,0.031034955113316776,0.07859932760979073
province,Anhui,22,0.3292386049483723,0.36051468022819166,0.03127607527981935,0.09499516402313675
province,Beijing,22,0.21018413335533176,0.2600375451276306,0.04985341177229885,0.23718922535421827
province,Fujian,22,0.43832594453602114,0.4991951463878936,0.060869201851872445,0.13886744011081525
province,Gansu,22,0.12371379636034568,0.12935650704004217,0.005642710679696489,0.04561100577061559
province,Guangdong,22,0.556548369435775,0.6031364133215288,0.04658804388575377,0.0837088857757043
province,Guangxi,22,0.5084648645255473,0.5427925315782458,0.03432766705269852,0.0675123680074334
province,Guizhou,22,0.21336731388156563,0.23701122369131464,0.02364390980974901,0.11081317648715912
province,Hainan,22,0.6648761190395212,0.7000968350305294,0.03522071599100829,0.05297335094827601
province,Hebei,22,0.26278778330856756,0.28173678457528667,0.018949001266719112,0.07210761865770998
province,Heilongjiang,22,0.1146683124651108,0.1343766001839932,0.01970828771888239,0.1718721353371174
province,Henan,22,0.30176168328568476,0.3297848867101156,0.02802320342443082,0.09286534698277318
province,Hubei,22,0.3390877710066453,0.37695380181652466,0.03786603080987938,0.11167029320304594
province,Hunan,22,0.38069009560880435,0.4156120763717454,0.03492198076294106,0.09173335783031969
province,Jiangsu,22,0.30468427127446424,0.33446735125320187,0.029783079978737637,0.097750631675727645
province,Jiangxi,22,0.4128800762416836,0.45835068952910407,0.04547061328742047,0.11013031605042568
province,Jilin,22,0.1250776802293641,0.1478121676131031,0.022734487383738983,0.18176294397249043
province,Liaoning,22,0.16495966034542492,0.18282083098609403,0.01786117064066911,0.10827599064685199
province,Neimenggu,22,0.11464277759848492,0.13351109244089016,0.01886831484240524,0.16458354584261745
province,Ningxia,22,0.13933112790901234,0.15808685818893928,0.01875573027992694,0.13461263510459076
province,Qinghai,22,0.0605265501929287,0.05451722152798076,-0.006009328664947938,-0.09928417604824942
province,Shaanxi,22,0.2112935973720665,0.22477210359649072,0.01347850622442423,0.06379041481645066
province,Shandong,22,0.27530702852995115,0.2879555434991303,0.012648514969179125,0.04594330568572125
province,Shanghai,22,0.2922793036907815,0.3291028906639992,0.03682358697321775,0.125987664908958
province,Shanxi,22,0.17767616133757405,0.19106223658673785,0.013386075249163798,0.07533973690331512
province,Sichuan_Chongqing,22,0.31087918965003514,NA,NA,NA
province,Tianjin,22,0.25651303782524554,0.278954241103281,0.02244120327803545,0.08748562438890124
province,Xinjiang,22,0.17143553699801595,0.20062964851181972,0.029194111513803772,0.17029206444018455
province,Xizang,22,0.02262537508944201,0.02381745615905103,0.001192081069609021,0.052687792573449896
province,Yunnan,22,0.22292383918534137,0.25272961935968247,0.0298057801743411,0.13370387071774878
province,Zhejiang,22,0.36545321523703744,0.3963066173965544,0.03085340215951693,0.08442503957587302
province,Anhui,23,0.3021353946684285,0.3297619741654244,0.02762657949699593,0.0914377460718036
province,Beijing,23,0.18572545050092584,0.23352779884854025,0.047802348347614404,0.2573817870339537
province,Fujian,23,0.39821228023504623,0.46405213152116725,0.06583985128612102,0.16533857581503716
province,Gansu,23,0.1072279124410704,0.11326219779096144,0.006034285349891047,0.05627532246519608
province,Guangdong,23,0.5186811623379209,0.5722279476250228,0.053546785287101883,0.10323641800628212
province,Guangxi,23,0.4689013845831501,0.5105726341733884,0.04167124959023827,0.08886996490164707
province,Guizhou,23,0.1826928265366165,0.204929463471601,0.022236636934984483,0.12171598281406888
province,Hainan,23,0.6252028347109383,0.6609965424270493,0.03579370771611101,0.05725135224740333
province,Hebei,23,0.23858529082329763,0.2557178335777174,0.01713254275441975,0.0718088809888475
province,Heilongjiang,23,0.10079548103739935,0.11831589709695656,0.017520416059557203,0.17382144396985807
province,Henan,23,0.2745220683705858,0.30089143114068034,0.02636936277009455,0.09605552998565396
province,Hubei,23,0.31029440507756456,0.3460769148286433,0.03578250975107872,0.11531793408306583
province,Hunan,23,0.3486949007104461,0.3875340617332965,0.0388391610228504,0.11138436766272695
province,Jiangsu,23,0.2777955408476143,0.30502310953998013,0.02722756869236581,0.09801297965146814
province,Jiangxi,23,0.3802678052036731,0.4292821216228619,0.0490143164191888,0.12889420494836926
province,Jilin,23,0.10991554274281808,0.13025171379024486,0.020336171047426785,0.18501633654313696
province,Liaoning,23,0.1440859438883834,0.16216280389677315,0.01807686000838976,0.1254588721186645
province,Neimenggu,23,0.1010875020723639,0.120183580166539,0.0190960780941751,0.1889064197125486
province,Ningxia,23,0.12448865606356316,0.14315448976630207,0.018665833702738915,0.14994003705211706
province,Qinghai,23,0.04589981668921302,0.04165104554916739,-0.004248771140045633,-0.09256618972607232
province,Shaanxi,23,0.18770296156354305,0.198718172154579,0.01101521059103594,0.05868426634977181
province,Shandong,23,0.24937664523259667,0.2606083735354395,0.011231728302842803,0.04503921484855501
province,Shanghai,23,0.2621127110285553,0.3022489426172667,0.04013623158871138,0.15312584968204315
province,Shanxi,23,0.15778272715039174,0.17103797187204023,0.01325524472164849,0.08400947911753458
province,Sichuan_Chongqing,23,0.2778717955380778,NA,NA,NA
province,Tianjin,23,0.22969089723790864,0.2520350570620199,0.022344159824111254,0.09727925700498126
province,Xinjiang,23,0.15425839645562406,0.18297858794654712,0.028720191490923058,0.18618235474258332
province,Xizang,23,0.0130782674387181,0.01374308597435861,6.648185356405104e-4,0.05083383856123945
province,Yunnan,23,0.1911843391915207,0.219108366549985,0.027924027358464304,0.1460581315213855
province,Zhejiang,23,0.3338445081980089,0.3652166341264652,0.031372125928456285,0.0939722689997013
province,Anhui,24,0.27508857493892275,0.29916758205212063,0.02407900711319788,0.08753183267805319
province,Beijing,24,0.16301998630065398,0.20867507501121643,0.04565508871056245,0.2800582293410443
province,Fujian,24,0.35373075485559297,0.423783570947603,0.07005281609201003,0.1980399361107529
province,Gansu,24,0.0917650668542867,0.09781901231458982,0.00605394546030312,0.06597222306736997
province,Guangdong,24,0.4775862152776495,0.5400593150755321,0.06247309979788257,0.13081009836425705
province,Guangxi,24,0.42554897283389714,0.47558364147352666,0.05003466863962952,0.11757675810243197
province,Guizhou,24,0.15529705389270052,0.1754834995515827,0.020186445658882196,0.12998601810456514
province,Hainan,24,0.5800463423588771,0.620480985876927,0.04043464351804993,0.06970933279850396
province,Hebei,24,0.21448482802233865,0.2310526720254844,0.01656784400314576,0.07724482965023621
province,Heilongjiang,24,0.08768827456347088,0.10326482159278765,0.015576547029316767,0.1776354604633267
province,Henan,24,0.24759587016379905,0.2721321193093934,0.024536249145594352,0.09909797416799479
province,Hubei,24,0.2813863015976477,0.3153959758111665,0.034009674213518803,0.12086471168077327
province,Hunan,24,0.31393458095102694,0.35743681009826406,0.043502229147237115,0.13857100105204198
province,Jiangsu,24,0.2503466424335358,0.27512988289762896,0.024783240464093137,0.09899569741852161
province,Jiangxi,24,0.3459411591725875,0.3978377072108677,0.0518965480382802,0.15001553490311742
province,Jilin,24,0.0956258600019432,0.11430000340035935,0.01867414339841615,0.19528340344376172
province,Liaoning,24,0.12527573596610475,0.14222278057330995,0.016947044607205197,0.1352779488902023
province,Neimenggu,24,0.08834763860846184,0.10709484430239656,0.018747205693934718,0.2121981525394062
province,Ningxia,24,0.10994048101728308,0.12860163099930494,0.018661149982021855,0.1697386604947476
province,Qinghai,24,0.03298909765680837,0.03020517230014006,-0.0027839253566683056,-0.0843892544630954
province,Shaanxi,24,0.16611007976907327,0.17529572003782376,0.009185640268750489,0.05529851217650605
province,Shandong,24,0.2235974880031103,0.23438767531458804,0.010790187311477739,0.04825719379874091
province,Shanghai,24,0.2297008557167287,0.2738200143682726,0.044119158651543866,0.19207224332656564
province,Shanxi,24,0.13877537191955644,0.15221283858822054,0.013437466668664105,0.09682890042228362
province,Sichuan_Chongqing,24,0.24531375350494736,NA,NA,NA
province,Tianjin,24,0.20515784882451857,0.2269320396035567,0.02177419077903814,0.10613384232578231
province,Xinjiang,24,0.13752031550047375,0.16617906783302314,0.028658752332549386,0.20839649929723045
province,Xizang,24,0.00656544282440733,0.00697462509629569,4.0918227188836004e-4,0.062323636475396064
province,Yunnan,24,0.16241482940809054,0.1886105605717466,0.02619573116365606,0.16128903536163888
province,Zhejiang,24,0.2997106777418271,0.33310661677493963,0.033395939033112554,0.1114272580634583
province,Anhui,25,0.24740001098173145,0.26849529370279634,0.021095282721064895,0.08526791343846228
province,Beijing,25,0.14145332759855142,0.18564813520086024,0.04419480760230882,0.31243384904832316
province,Fujian,25,0.30601465673377615,0.3790643816037113,0.07304972486993516,0.23871315723771458
province,Gansu,25,0.07709042112458156,0.08320038430887648,0.006109963184294923,0.07925709958726194
province,Guangdong,25,0.4312459585162311,0.5050659681443153,0.07382000962808416,0.1711784381286109
province,Guangxi,25,0.3774492893581703,0.4359936643308549,0.05854437497268461,0.15510527274335523
province,Guizhou,25,0.1321112487882608,0.1490380500660489,0.01692680127778809,0.12812535974826225
province,Hainan,25,0.5258882174090601,0.5781241573441859,0.052235939935125764,0.09932897944069023
province,Hebei,25,0.19093572652289617,0.20769035963520763,0.016754633112311457,0.08775012103511343
province,Heilongjiang,25,0.0751597109193714,0.0893682024319152,0.014208491512543803,0.18904398831158564
province,Henan,25,0.22129310529476945,0.24392898682732075,0.022635881532551305,0.10228914047005483
province,Hubei,25,0.2525303695572171,0.28569136867942385,0.03316099912220677,0.13131489563156606
province,Hunan,25,0.27814090897368954,0.3239297515721258,0.04578884259843624,0.1646246241424615
province,Jiangsu,25,0.22217111324492564,0.24532246634228205,0.023151353097356414,0.10420505510018273
province,Jiangxi,25,0.3100415472083212,0.3638638316826723,0.053822284474351056,0.17359700646245038
province,Jilin,25,0.08208853037196809,0.0995784726607362,0.017489942288768115,0.21306194920917537
province,Liaoning,25,0.10831466384938508,0.12336406838690885,0.015049404537523764,0.1389415246531202
province,Neimenggu,25,0.07591441662443214,0.09429096541193176,0.018376548787499614,0.2420692880828296
province,Ningxia,25,0.096093886806936,0.11479123884881252,0.01869735204187653,0.19457379301808997
province,Qinghai,25,0.02247248696113156,0.02042996245743292,-0.0020425245036986388,-0.09089000728897481
province,Shaanxi,25,0.14640669410192672,0.15457361818180854,0.008166924079881815,0.055782449907625764
province,Shandong,25,0.19840278949729867,0.20965042789861,0.011247638401311322,0.05669092874051785
province,Shanghai,25,0.19562104148956777,0.24170773028082407,0.0460866887912563,0.23559167480311183
province,Shanxi,25,0.12097113256485222,0.13433194721664724,0.01336081465179502,0.11044630539961534
province,Sichuan_Chongqing,25,0.21370365867712984,NA,NA,NA
province,Tianjin,25,0.1827244538620361,0.20468855124523871,0.021964097383202624,0.12020338230035894
province,Xinjiang,25,0.12142142319490008,0.15026371393548218,0.028842290740582102,0.2375387306594635
province,Xizang,25,0.00273844743568193,0.00301924223033423,2.8079479465230013e-4,0.10253795307280618
province,Yunnan,25,0.1354564829811486,0.16023429390951532,0.024777810928366728,0.18292081990505424
province,Zhejiang,25,0.26351967306144936,0.29931253888636095,0.03579286582491159,0.13582616208151246
province,Anhui,26,0.22000857321982312,0.2384379951682699,0.018429421948446795,0.08376683544069398
province,Beijing,26,0.12194551196108196,0.16445409843399117,0.04250858647290921,0.3485867236055028
province,Fujian,26,0.2596306716736996,0.33088648839047596,0.07125581671677639,0.2744506889630119
province,Gansu,26,0.0630322465200514,0.06932204602504174,0.00628979950499034,0.09978701144642639
province,Guangdong,26,0.3782296500892072,0.46325709205998983,0.0850274419707826,0.22480374542484569
province,Guangxi,26,0.32600419533116587,0.3887812164708525,0.06277702113968664,0.1925650713663843
province,Guizhou,26,0.11227204767508368,0.12657475394791176,0.014302706272828078,0.1273932966308786
province,Hainan,26,0.4620171093611029,0.528029922878267,0.06601281351716409,0.14287958644745744
province,Hebei,26,0.1678558228951697,0.18514671623651485,0.017290893341345148,0.10301038738551094
province,Heilongjiang,26,0.06300276742599535,0.07658359828284361,0.013580830856848261,0.2155592748017085
province,Henan,26,0.1955981718511732,0.21657643083952047,0.020978258988347265,0.10725181523838172
province,Hubei,26,0.22424023776773452,0.2560636997850066,0.03182346201727207,0.14191682248497456
province,Hunan,26,0.24337809721813808,0.288062731763271,0.04468463454513294,0.1836017088468007
province,Jiangsu,26,0.1948115075093012,0.21679290376909827,0.02198139625979706,0.11283417771790286
province,Jiangxi,26,0.2734549197098282,0.3270769738161208,0.05362205410629256,0.19609101991360273
province,Jilin,26,0.06923291380419153,0.08603288554407669,0.016799971739885164,0.24265874158351622
province,Liaoning,26,0.0930143535077654,0.1056351625131511,0.012620809005385702,0.13568668199507555
province,Neimenggu,26,0.0639978719051707,0.08165611190269366,0.01765823999752296,0.275919174682686
province,Ningxia,26,0.08252939655244401,0.10077787835945087,0.01824848180700686,0.22111493079209305
province,Qinghai,26,0.01400541989846629,0.01283644926839285,-0.0011689706300734414,-0.08346558964658056
province,Shaanxi,26,0.12814339910203035,0.13585474969832778,0.007711350596297434,0.06017750933981002
province,Shandong,26,0.17375964173070305,0.18633796536461739,0.01257832363391434,0.0723892125273171
province,Shanghai,26,0.16531733949714136,0.20775835089988665,0.04244101140274528,0.2567245004779379
province,Shanxi,26,0.10389380881319032,0.11728242102703625,0.013388612213845921,0.12886823927997246
province,Sichuan_Chongqing,26,0.1846405435670109,NA,NA,NA
province,Tianjin,26,0.15962999055881624,0.18192934998082813,0.02229935942201189,0.13969404711450892
province,Xinjiang,26,0.1062769059406511,0.13479037899146012,0.02851347305080902,0.2682941585327294
province,Xizang,26,9.927579770537057e-4,0.00103111612955532,3.8358152501614257e-5,0.03863796956379347
province,Yunnan,26,0.11017969336355912,0.13289084022918948,0.02271114686563036,0.2061282453445442
province,Zhejiang,26,0.22554878445360388,0.26237329156751876,0.036824507113914884,0.16326626278710807
province,Anhui,27,0.1915664370890177,0.2101734643842348,0.0186070272952171,0.09713093576287964
province,Beijing,27,0.10352450620473734,0.14485217363913508,0.04132766743439774,0.3992066125161248
province,Fujian,27,0.21730503478375177,0.2807986757844934,0.06349364100074165,0.29218669997189206
province,Gansu,27,0.04995403136026686,0.05641312785607197,0.00645909649580511,0.12930080555906118
province,Guangdong,27,0.3208965628388449,0.41162473870454114,0.09072817586569626,0.2827333987720529
province,Guangxi,27,0.27628565571386215,0.33322947564628114,0.05694381993241898,0.20610487281827394
province,Guizhou,27,0.09426578427969684,0.10651298887438251,0.012247204594685673,0.12992205696127118
province,Hainan,27,0.3916535377566845,0.4673978542402393,0.07574431648355479,0.19339622697500333
province,Hebei,27,0.14615374962407346,0.1647221916217885,0.01856844199771504,0.12704731863175253
province,Heilongjiang,27,0.05126049307116099,0.06447637718649082,0.013215884115329833,0.2578181231496006
province,Henan,27,0.17073876961889206,0.19170183574913355,0.020963066130241487,0.12277859432297294
province,Hubei,27,0.19630742799207151,0.2271511012485248,0.03084367325645329,0.1571192367601037
province,Hunan,27,0.21099937849790704,0.2525759653058254,0.04157658680791834,0.19704601550914402
province,Jiangsu,27,0.168527030818834,0.18967494170139443,0.021147910882560433,0.12548675888851546
province,Jiangxi,27,0.2382146410464152,0.28900691926515265,0.05079227821873744,0.21322063998929755
province,Jilin,27,0.05716766938866553,0.07303799087087809,0.01587032148221256,0.2776100836701089
province,Liaoning,27,0.07884566137136123,0.0889499840948172,0.010104322723455975,0.12815318620849472
province,Neimenggu,27,0.05298870923528322,0.06929617466872104,0.01630746543343782,0.3077535888075432
province,Ningxia,27,0.06923586395179386,0.0873343272412704,0.018098463289476535,0.2614030107586693
province,Qinghai,27,0.00769404735343125,0.00700379038805196,-6.902569653792906e-4,-0.08971311634460664
province,Shaanxi,27,0.11109102588745565,0.1188107124261851,0.007719686538729453,0.0694897403013465
province,Shandong,27,0.15101362111207936,0.1645660257503943,0.013552404638314947,0.08974292874055789
province,Shanghai,27,0.14061943534573135,0.17405601258193534,0.033436577236203996,0.2377806250892402
province,Shanxi,27,0.08776095624317538,0.10097799952305912,0.013217043279883739,0.15060277195773542
province,Sichuan_Chongqing,27,0.15878073572766888,NA,NA,NA
province,Tianjin,27,0.1366837210962536,0.16068558254711454,0.024001861450860945,0.17560146342488492
province,Xinjiang,27,0.0922325269955141,0.11983482676161096,0.027602299766096863,0.2992686058296912
province,Xizang,27,3.0913500951102385e-4,3.562048446743771e-4,4.706983516335325e-5,0.15226303626304327
province,Yunnan,27,0.08665901608888525,0.10674775585808904,0.020088739769203792,0.23181361473800927
province,Zhejiang,27,0.18968377916577664,0.22388923003317884,0.034205450867402204,0.1803288136594321
province,Anhui,28,0.16432461478660026,0.1841385556668545,0.019813940880254233,0.12057804551062272
province,Beijing,28,0.08608457737042889,0.1271567256403236,0.04107214826989471,0.4771138980349283
province,Fujian,28,0.18152466349788188,0.23507545686504663,0.053550793367164756,0.29500560604421455
province,Gansu,28,0.03803282126979438,0.04439819123716182,0.006365369967367439,0.16736517972761614
province,Guangdong,28,0.2665047477476585,0.349502781802885,0.08299803405522654,0.3114317277897567
province,Guangxi,28,0.23315215033286427,0.2785650105161224,0.04541286018325816,0.19477778831730092
province,Guizhou,28,0.07691571093354976,0.08753680943517014,0.01062109850162038,0.1380875034854235
province,Hainan,28,0.3267558554545936,0.3974201387613168,0.0706642833067232,0.2162601897628206
province,Hebei,28,0.1268559873451504,0.14580852175964562,0.01895253441449521,0.14940196999081373
province,Heilongjiang,28,0.04055355671341735,0.05330396979275261,0.012750413079335263,0.31440924329867037
province,Henan,28,0.14785512253008576,0.16946392283820316,0.021608800308117404,0.1461484724935412
province,Hubei,28,0.16912182930968706,0.1983885737243188,0.029266744414631757,0.17305125266259996
province,Hunan,28,0.1817767298390454,0.2194527771027821,0.03767604726373672,0.2072655135621433
province,Jiangsu,28,0.1437189891019057,0.16460584419062352,0.02088685508871782,0.14533121349683126
province,Jiangxi,28,0.2058181399036653,0.25171461980740367,0.04589647990373838,0.22299530996257458
province,Jilin,28,0.04606152125491446,0.06116583210765736,0.0151043108527429,0.327916022772074
province,Liaoning,28,0.06546426827038934,0.07344104514347055,0.00797677687308121,0.1218493245832131
province,Neimenggu,28,0.04265231173470209,0.05752739190688048,0.014875080172178388,0.3487520269640148
province,Ningxia,28,0.05726226561352333,0.07405981619237517,0.016797550578851843,0.293344149046119
province,Qinghai,28,0.00348208876965956,0.0035341311334932,5.204236383363984e-5,0.014945731506646215
province,Shaanxi,28,0.0950299158467622,0.10268308151303156,0.0076531656662693626,0.08053427805418936
province,Shandong,28,0.13082176064050838,0.14475074412138414,0.013928983480875762,0.10647298593658212
province,Shanghai,28,0.11730016346633178,0.14433687196713127,0.027036708500799492,0.23049165237147973
province,Shanxi,28,0.07249491968379042,0.08550266666918623,0.013007746985395807,0.17942977303972776
province,Sichuan_Chongqing,28,0.13634695360838053,NA,NA,NA
province,Tianjin,28,0.11784579038304133,0.1424725386481638,0.024626748265122483,0.20897435695476832
province,Xinjiang,28,0.0792122805006459,0.1058254308809972,0.026613150380351308,0.3359725311801155
province,Xizang,28,7.674009403119047e-5,1.1931963151232514e-4,4.257953748113467e-5,0.5548538611879797
province,Yunnan,28,0.06515174074780694,0.08240177035655286,0.017250029608745915,0.2647669795273515
province,Zhejiang,28,0.15955331977424214,0.18699452493756544,0.027441205163323296,0.17198767911661672
province,Anhui,29,0.1393484145445211,0.16056627417843333,0.021217859633912234,0.15226480834579742
province,Beijing,29,0.070500417704847,0.11012331556184392,0.03962289785699692,0.5620235900286417
province,Fujian,29,0.15335447765140667,0.19811910812458192,0.04476463047317525,0.2919029894577365
province,Gansu,29,0.02780519722641859,0.03373359812636367,0.005928400899945084,0.21321197082940754
province,Guangdong,29,0.22003681041432657,0.2853379491411686,0.06530113872684204,0.2967737016541951
province,Guangxi,29,0.19844775824283953,0.2345220755797893,0.03607431733694977,0.18178243814075143
province,Guizhou,29,0.0608172339738515,0.06982541164798302,0.00900817767413152,0.14811883220477615
province,Hainan,29,0.2736194712884219,0.33024741928981816,0.056627948001396256,0.2069587655247854
province,Hebei,29,0.10941904564314955,0.12857034144652246,0.01915129580337291,0.1750270776975281
province,Heilongjiang,29,0.03101836920006463,0.04267910911709868,0.01166073991703405,0.37593014132444313
province,Henan,29,0.12711532333271858,0.14975201421430137,0.022636690881582794,0.17807995360506054
province,Hubei,29,0.1440166337815725,0.1711126380147957,0.027096004233223198,0.18814496299308892
province,Hunan,29,0.15625557501903384,0.1895651090619356,0.03330953404290177,0.21317341182126948
province,Jiangsu,29,0.12099710322244817,0.14178130067959183,0.02078419745714366,0.17177433924953373
province,Jiangxi,29,0.17643432050731195,0.21653863930483327,0.04010431879752133,0.22730452149109667
province,Jilin,29,0.03580743820206916,0.04983284946567133,0.014025411263602176,0.3916898825448984
province,Liaoning,29,0.05267066665252661,0.05946694280548841,0.0067962761529618,0.1290334181224149
province,Neimenggu,29,0.03336300959628239,0.04625032748993041,0.012887317893648019,0.38627564028528294
province,Ningxia,29,0.04639368750533368,0.06156728792235766,0.01517360041702398,0.3270617455290558
province,Qinghai,29,0.00134361326768002,0.00156674268563357,2.231294179535499e-4,0.16606669740528932
province,Shaanxi,29,0.07971100202472595,0.0875815056778276,0.007870503653101657,0.09873798413248233
province,Shandong,29,0.1127547475232393,0.1264763664668702,0.013721618943630887,0.12169437868505531
province,Shanghai,29,0.0994753495726533,0.11765701165764723,0.01818166208499393,0.1827755535728445
province,Shanxi,29,0.05837426012764712,0.07066737631611374,0.012293116188466617,0.21059138328409188
province,Sichuan_Chongqing,29,0.11701109802000571,NA,NA,NA
province,Tianjin,29,0.10091252956506502,0.12517499527082304,0.02426246570575802,0.2404306562359473
province,Xinjiang,29,0.0673698165451086,0.09246317662447,0.0250933600793614,0.37247184816897516
province,Xizang,29,1.1631595768047537e-5,2.9989253731805332e-5,1.8357657963757795e-5,1.5782579045763456
province,Yunnan,29,0.04590729093437126,0.06024440330602444,0.01433711237165318,0.3123057814966563
province,Zhejiang,29,0.1341134929453403,0.155712020922048,0.021598527976707693,0.16104664416957998
province,Anhui,30,0.11688779894613006,0.13895615563721267,0.022068356691082605,0.18879948882648753
province,Beijing,30,0.05570659428306573,0.09391890185835346,0.03821230757528773,0.6859566280630425
province,Fujian,30,0.12994051203989607,0.16875699547083123,0.03881648343093516,0.29872503056642724
province,Gansu,30,0.01942376918335754,0.02445150593016114,0.0050277367468035995,0.2588445475923081
province,Guangdong,30,0.1853409042762421,0.23308181623787155,0.04774091196162944,0.25758432628813444
province,Guangxi,30,0.17004034542399452,0.19974642797803763,0.02970608255404311,0.17470020117855667
province,Guizhou,30,0.04590330999601931,0.05344775820280349,0.007544448206784175,0.16435521114791987
province,Hainan,30,0.2317799371962939,0.2756812226718582,0.043901285475564295,0.18940934235556547
province,Hebei,30,0.09390613947443052,0.11264654204331805,0.018740402568887524,0.19956525392027538
province,Heilongjiang,30,0.02291123385192881,0.03322058432635415,0.010309350474425341,0.4499692395901863
province,Henan,30,0.10851782303114944,0.1319222949719325,0.02340447194078306,0.2156739905671065
province,Hubei,30,0.12119990079722948,0.14670296307795766,0.025503062280728184,0.2104214781775726
province,Hunan,30,0.13329975964463442,0.16332738159430307,0.030027621949668654,0.22526388666956104
province,Jiangsu,30,0.10077008749570712,0.1203588309392016,0.019588743443494483,0.19439045782637607
province,Jiangxi,30,0.15042784015853575,0.18509597990721105,0.0346681397486753,0.23046358780488096
province,Jilin,30,0.02625248856285566,0.03898170650448064,0.012729217941624984,0.48487662078769195
province,Liaoning,30,0.04074419513104575,0.04658006318466686,0.0058358680536211155,0.14323188947164586
province,Neimenggu,30,0.02530175652905178,0.03587213279786385,0.010570376268812073,0.41777242843496026
province,Ningxia,30,0.03621658616002715,0.05005456382704851,0.013837977667021356,0.38208951020056553
province,Qinghai,30,3.3739931211330043e-4,6.479876307234624e-4,3.10588318610162e-4,0.9205363124921394
province,Shaanxi,30,0.06528387900855699,0.07325739343431126,0.007973514425754266,0.12213603950692252
province,Shandong,30,0.09601414977055836,0.10959622694574232,0.013582077175183963,0.14145912042798459
province,Shanghai,30,0.08166786854251726,0.09414341957708372,0.012475551034566462,0.15275960126315213
province,Shanxi,30,0.045410349970017,0.05672674306397825,0.01131639309396125,0.24920294825811962
province,Sichuan_Chongqing,30,0.10040050105010308,NA,NA,NA
province,Tianjin,30,0.08582552839593419,0.10841159841660394,0.022586070020669757,0.26316260957316434
province,Xinjiang,30,0.05619965003739051,0.0797173414575052,0.023517691420114686,0.4184668659763539
province,Xizang,30,0,5.397895350817779e-6,5.397895350817779e-6,Inf
province,Yunnan,30,0.02964008758565319,0.04130899868957788,0.011668911103924689,0.39368679563459985
province,Zhejiang,30,0.1129657525839208,0.13065761896712522,0.017691866383204413,0.15661265453050785
province,Anhui,31,0.09787308495817731,0.11916022598849378,0.021287141030316467,0.21749739511544763
province,Beijing,31,0.04221657610359645,0.07833577810337876,0.03611920199978231,0.8555691942223921
province,Fujian,31,0.108808486339178,0.1435090346926321,0.0347005483534541,0.3189139884299602
province,Gansu,31,0.01286929046951303,0.01671579881500439,0.0038465083454913614,0.29889047532213425
province,Guangdong,31,0.15722761154256007,0.1936033088709974,0.03637569732843732,0.23135692879612785
province,Guangxi,31,0.14471015479722626,0.1711387198719787,0.02642856507475244,0.18263103312815343
province,Guizhou,31,0.03282719102603679,0.03890566190329069,0.006078470877253904,0.1851657326523242
province,Hainan,31,0.19617110509947025,0.2328574635043898,0.036686358404919545,0.18701203924154586
province,Hebei,31,0.07968242208862787,0.09749690721084324,0.017814485122215368,0.2235685695196484
province,Heilongjiang,31,0.01588720440976448,0.02470581349132854,0.00881860908156406,0.5550762018359899
province,Henan,31,0.09135187098913936,0.11555544462118326,0.02420357363204391,0.26494885512439503
province,Hubei,31,0.10116242224684872,0.1248943819748188,0.02373195972797007,0.23459264024008022
province,Hunan,31,0.1122553231406479,0.14080545889716656,0.028550135756518658,0.25433213283567296
province,Jiangsu,31,0.08367134420791622,0.10074626178532696,0.01707491757741074,0.20407127122257068
province,Jiangxi,31,0.12768706741639746,0.15882523620753125,0.03113816879113379,0.2438631368170576
province,Jilin,31,0.01782956040721603,0.02933373566007613,0.0115041752528601,0.645230448205784
province,Liaoning,31,0.02998243171332663,0.03532963825886978,0.0053472065455431525,0.1783446585210238
province,Neimenggu,31,0.01853893462269752,0.02687885169640739,0.00833991707370987,0.4498595654735831
province,Ningxia,31,0.02741399756989418,0.03937826127543881,0.011964263705544629,0.4364290058405667
province,Qinghai,31,8.105340004156981e-5,2.597061698987031e-4,1.7865276985713327e-4,2.204136652694492
province,Shaanxi,31,0.05231062372829109,0.05973556525553993,0.007424941527248839,0.14193945699854496
province,Shandong,31,0.08000000059429464,0.0938326895497905,0.013832688955495859,0.17290861065921498
province,Shanghai,31,0.06547753240384369,0.07597857918176966,0.010501046777925974,0.16037633662122455
province,Shanxi,31,0.03417068790223359,0.04384036277785242,0.00966967487561883,0.28298156897762555
province,Sichuan_Chongqing,31,0.08516612031238482,NA,NA,NA
province,Tianjin,31,0.0714296619318248,0.09257711642291926,0.021147454491094453,0.29605984291621584
province,Xinjiang,31,0.04606281392455751,0.06791719712371304,0.02185438319915553,0.4744474194509486
province,Xizang,31,0,4.325299437848625e-7,4.325299437848625e-7,Inf
province,Yunnan,31,0.01722417413886165,0.02571096158429665,0.008486787445435,0.4927253624478215
province,Zhejiang,31,0.09529684105128468,0.10997727568361627,0.014680434632331596,0.1540495411010656
province,Anhui,32,0.0815605172237842,0.10087261936077883,0.019312102136994636,0.23678248734012386
province,Beijing,32,0.03046608244166031,0.06350639853405872,0.03304031609239841,1.0844950661335442
province,Fujian,32,0.08857071028320525,0.1203527928520804,0.03178208256887516,0.35883287451632495
province,Gansu,32,0.00810647500640873,0.01104765638549205,0.0029411813790833196,0.36281878088295
province,Guangdong,32,0.1309889429291995,0.16248197560547858,0.03149303267627909,0.24042512270139713
province,Guangxi,32,0.12018490577911611,0.14580937198281133,0.025624466203695212,0.2132086890411145
province,Guizhou,32,0.02208455702945996,0.02661531865810509,0.00453076162864513,0.2051551961219447
province,Hainan,32,0.16067929713633008,0.19633744272425196,0.03565814558792188,0.2219212196184014
province,Hebei,32,0.06597477743141217,0.08300923224110719,0.017034454809695024,0.25819647254443806
province,Heilongjiang,32,0.01001298851316245,0.01766021962212285,0.007647231108960401,0.7637311377025777
province,Henan,32,0.0756435253294978,0.10000553772371232,0.024362012394214524,0.32206341901828794
province,Hubei,32,0.08320417328397149,0.1061340343081376,0.02292986102416611,0.27558546788161326
province,Hunan,32,0.09314385442675044,0.12119508995504907,0.028051235528298635,0.30116034708826117
province,Jiangsu,32,0.06859499626773148,0.08264814816974438,0.014053151902012895,0.204871385183292
province,Jiangxi,32,0.1078510287743394,0.13649825361579837,0.02864722484145897,0.2656184662030308
province,Jilin,32,0.01122139006793291,0.02121662772220907,0.009995237654276158,0.8907307912625997
province,Liaoning,32,0.02050639529664692,0.02577162279015547,0.005265227493508551,0.2567602651436983
province,Neimenggu,32,0.01300463508739464,0.0194471779471026,0.00644254285970796,0.4954035862146336
province,Ningxia,32,0.02028743707198616,0.03050272390543583,0.010215286833449671,0.5035277150683275
province,Qinghai,32,0,8.577645256533762e-5,8.577645256533762e-5,Inf
province,Shaanxi,32,0.04048315010150073,0.04714144483098538,0.006658294729484655,0.16447076654832327
province,Shandong,32,0.06486207020655577,0.07863311223953239,0.013771042032976619,0.2123127120229466
province,Shanghai,32,0.05062680186319953,0.06014993470263946,0.009523132839439931,0.1881045708787358
province,Shanxi,32,0.02457127839705512,0.03248908560698686,0.007917807209931738,0.3222383093783468
province,Sichuan_Chongqing,32,0.07104754820411188,NA,NA,NA
province,Tianjin,32,0.05834930704312528,0.07707984365354058,0.0187305366104153,0.3210070103586969
province,Xinjiang,32,0.03681200777412265,0.05663179008512542,0.019819782311002773,0.5384053603545982
province,Xizang,32,0,0,0,NA
province,Yunnan,32,0.0087420008415477,0.01430938427942815,0.005567383437880451,0.6368545987116139
province,Zhejiang,32,0.07995720326486554,0.09168828244391553,0.011731079179049989,0.14671697733335817
province,Anhui,33,0.06689410420642669,0.08393139785669539,0.017037293650268695,0.25469051200228016
province,Beijing,33,0.02034628200353921,0.04968100897268224,0.029334726969143028,1.4417733404088418
province,Fujian,33,0.06898355879985969,0.0976785188176908,0.028694960017831103,0.4159681019224173
province,Gansu,33,0.00486565602373199,0.00687438838115956,0.0020087323574275702,0.412838956890927
province,Guangdong,33,0.10540505669228904,0.13433392809469533,0.028928871402406284,0.274454303334411
province,Guangxi,33,0.0957364404603042,0.12181018026896324,0.02607373980865904,0.27234916697649897
province,Guizhou,33,0.01394378415889814,0.01691655336844741,0.0029727692095492687,0.21319673165280706
province,Hainan,33,0.12518324805241157,0.16090823874381158,0.035724990691400005,0.2853815606097927
province,Hebei,33,0.05271648239724708,0.06918101942134314,0.01646453702409606,0.31232237576147265
province,Heilongjiang,33,0.00583631278050518,0.01178677578987274,0.005950463009367559,1.0195586208545353
province,Henan,33,0.06083633852192984,0.08440864569530844,0.023572307173378597,0.3874708397330885
province,Hubei,33,0.06746805208876108,0.08931981122181691,0.02185175913305583,0.3238830595599176
province,Hunan,33,0.07536274957667566,0.10322968632950956,0.0278669367528339,0.3697707011669139
province,Jiangsu,33,0.05507938254662936,0.06606738652323417,0.010988003976604807,0.19949395705920506
province,Jiangxi,33,0.09013548769833228,0.11704140279210733,0.026905915093775046,0.29850523673677165
province,Jilin,33,0.00637560450725828,0.0140572067579187,0.0076816022506604196,1.2048429669555776
province,Liaoning,33,0.01284597924879349,0.01783779209824009,0.004991812849446602,0.38858951526917956
province,Neimenggu,33,0.00853299618942291,0.0134404749194597,0.0049074787300367895,0.5751178860386534
province,Ningxia,33,0.01432185294339651,0.02236735053808202,0.008045497594685511,0.561763734516986
province,Qinghai,33,0,1.4564619480069926e-5,1.4564619480069926e-5,Inf
province,Shaanxi,33,0.03056929445512137,0.03581417464419444,0.005244880189073067,0.1715734786346819
province,Shandong,33,0.05054014085498525,0.06416808067419602,0.013627939819210774,0.2696458614611582
province,Shanghai,33,0.03815899787562737,0.04614085101206884,0.007981853136441473,0.2091735522630059
province,Shanxi,33,0.01699877717760137,0.02315694720142148,0.00615817002382011,0.36227135396153626
province,Sichuan_Chongqing,33,0.05751039255222815,NA,NA,NA
province,Tianjin,33,0.04451259575016322,0.06338058455292743,0.01886798880276421,0.42387976896842794
province,Xinjiang,33,0.02863906084994036,0.04607947964883539,0.01744041879889503,0.6089731395270718
province,Xizang,33,0,0,0,NA
province,Yunnan,33,0.00381738741108534,0.00690399713507459,0.0030866097239892498,0.8085660142918742
province,Zhejiang,33,0.0662519886406262,0.07480262857464201,0.008550639934015808,0.1290623890612167
province,Anhui,34,0.05394874436377434,0.06806273072158657,0.014113986357812233,0.26161844032258025
province,Beijing,34,0.01303174789922589,0.03731466228855198,0.024282914389326088,1.8633658797810644
province,Fujian,34,0.05084038191390637,0.07547477587111887,0.024634393957212494,0.4845438415259868
province,Gansu,34,0.00267142102703918,0.00404752437526939,0.0013761033482302095,0.5151203551599607
province,Guangdong,34,0.0809093217032006,0.10791208371317566,0.027002762009975062,0.3337410503703047
province,Guangxi,34,0.0722448792369343,0.09791085406414152,0.025665974827207214,0.3552635854374271
province,Guizhou,34,0.00811502060003834,0.00983285956240956,0.0017178389623712185,0.21168633414967575
province,Hainan,34,0.09210356418708018,0.12635587572483808,0.0342523115377579,0.37188909940754106
province,Hebei,34,0.04021012087620301,0.05606067397061278,0.015850553094409775,0.394193122254213
province,Heilongjiang,34,0.0032512352099121,0.00720460962058844,0.003953374410676339,1.2159607519700866
province,Henan,34,0.0472066455557678,0.06932486437563284,0.022118218819865046,0.4685403624736602
province,Hubei,34,0.05364490889685593,0.07371919265215124,0.02007428375529531,0.37420668928513817
province,Hunan,34,0.05892884747304602,0.0857416350538073,0.026812787580761284,0.4550027487475539
province,Jiangsu,34,0.04302854457459774,0.05116510296154533,0.008136558386947594,0.18909676047353643
province,Jiangxi,34,0.07414237323648655,0.09881479222683248,0.024672418990345932,0.3327708287897678
province,Jilin,34,0.00319991736560613,0.00847136556134158,0.00527144819573545,1.6473701016141489
province,Liaoning,34,0.00729511739612896,0.01155001561368839,0.0042548982175594306,0.5832528781260224
province,Neimenggu,34,0.00527662454201636,0.00880160059776166,0.003524976055745299,0.668036171169059
province,Ningxia,34,0.00970072108958389,0.01539248427276771,0.0056917631831838195,0.5867360921545645
province,Qinghai,34,0,0,0,NA
province,Shaanxi,34,0.02243805581342452,0.02629902795701913,0.003860972143594609,0.1720724904019812
province,Shandong,34,0.03727378907662065,0.05110308742445522,0.01382929834783457,0.3710193862879576
province,Shanghai,34,0.02654389501301647,0.03461650814721577,0.0080726131341993,0.30412315638834053
province,Shanxi,34,0.01132733439871749,0.01572289027850189,0.004395555879784402,0.38804856686159794
province,Sichuan_Chongqing,34,0.04480851451706296,NA,NA,NA
province,Tianjin,34,0.03313915937232602,0.05040896336157732,0.0172698039892513,0.5211298148882145
province,Xinjiang,34,0.02170686154131015,0.03645522146164583,0.014748359920335678,0.6794330858133588
province,Xizang,34,0,0,0,NA
province,Yunnan,34,0.00137889621329629,0.00295781052294334,0.00157891430964705,1.1450566724471678
province,Zhejiang,34,0.05362119457823255,0.05898476768793697,0.005363573109704423,0.10002710965118554
province,Anhui,35,0.04204935847952285,0.05306422581617227,0.011014867336649421,0.26195090091596596
province,Beijing,35,0.00747713667363533,0.02645005405275856,0.018972917379123228,2.5374576134233924
province,Fujian,35,0.03511795474930147,0.05408774051455524,0.018969785765253773,0.540173421279071
province,Gansu,35,0.00144841569003614,0.00229089813877975,8.424824487436098e-4,0.5816579139118472
province,Guangdong,35,0.05877580469095447,0.08226350503167802,0.023487700340723554,0.3996151216341966
province,Guangxi,35,0.05120160811375126,0.07495566507981052,0.023754056966059263,0.46393185372784446
province,Guizhou,35,0.00431889563534603,0.00522652912223241,9.076334868863799e-4,0.21015406796549282
province,Hainan,35,0.06299973418920723,0.09553535224392096,0.03253561805471372,0.5164405607966445
province,Hebei,35,0.02912772211556438,0.04392884080598838,0.014801118690423998,0.5081454235144268
province,Heilongjiang,35,0.00188491163493737,0.00389119827062853,0.00200628663569116,1.0643929394376213
province,Henan,35,0.03521417177972266,0.05509234138146595,0.019878169601743295,0.564493458090919
province,Hubei,35,0.0415496016912001,0.05860858033103467,0.01705897863983457,0.4105690053690102
province,Hunan,35,0.04428871232349392,0.06849184716126248,0.024203134837768564,0.5464854037973346
province,Jiangsu,35,0.03235628633936238,0.03814717074121047,0.005790884401848086,0.17897246739355568
province,Jiangxi,35,0.05934454569172143,0.08125971096151596,0.021915165269794534,0.3692869330171939
province,Jilin,35,0.0015240068144972,0.00426566065996244,0.0027416538454652396,1.7989774188573857
province,Liaoning,35,0.00376073831281501,0.00686412238514065,0.0031033840723256397,0.8252060670508808
province,Neimenggu,35,0.00303965613143116,0.0054264729413108,0.00238681680987964,0.7852259290776604
province,Ningxia,35,0.00630569168756835,0.01009942358563817,0.0037937318980698197,0.6016361227348221
province,Qinghai,35,0,0,0,NA
province,Shaanxi,35,0.01602576783060396,0.01815163283698592,0.0021258650063819585,0.1326529267647478
province,Shandong,35,0.02548923547595193,0.03894180270394767,0.013452567227995739,0.5277744497549837
province,Shanghai,35,0.01895060987093311,0.02401654859127441,0.0050659387203412995,0.26732325528539086
province,Shanxi,35,0.00736835882871736,0.01027403055365583,0.00290567172493847,0.39434449278093475
province,Sichuan_Chongqing,35,0.03335251370588817,NA,NA,NA
province,Tianjin,35,0.02214369550746165,0.03818964012165184,0.016045944614190188,0.724628127621393
province,Xinjiang,35,0.01603844325383437,0.02782412902627718,0.011785685772442812,0.7348397588166897
province,Xizang,35,0,0,0,NA
province,Yunnan,35,3.971836287727289e-4,0.00111234871686493,7.151650880922011e-4,1.800590548764595
province,Zhejiang,35,0.04201439354135373,0.04481657879096329,0.002802185249609561,0.06669583953059895
province,Anhui,36,0.03121762985235937,0.03936430652204371,0.008146676669684338,0.2609639715831478
province,Beijing,36,0.00386101578973579,0.01760834109974228,0.01374732531000649,3.5605462548360163
province,Fujian,36,0.0221451937379877,0.03564032069595556,0.013495126957967861,0.6093930411102442
province,Gansu,36,7.377724332782541e-4,0.00121743714568851,4.7966471241025577e-4,0.6501526633068819
province,Guangdong,36,0.03974992335284013,0.05854881121625012,0.01879888786340999,0.47292890847968916
province,Guangxi,36,0.03402474317064605,0.05316385861836834,0.019139115447722288,0.5625058020785901
province,Guizhou,36,0.0020795206384849,0.00247381956124902,3.9429892276411985e-4,0.18961048785329618
province,Hainan,36,0.03906024060216574,0.06919509627651003,0.030134855674344298,0.771496929096577
province,Hebei,36,0.02015550338926074,0.0329976798211645,0.01284217643190376,0.6371548347805757
province,Heilongjiang,36,0.00105110417246444,0.00170129216635828,6.5018799389384e-4,0.6185761705896344
province,Henan,36,0.02481364043684496,0.04175328183917588,0.016939641402330917,0.6826745735050549
province,Hubei,36,0.03105918409125323,0.04416735316717963,0.0131081690759264,0.4220384230768597
province,Hunan,36,0.03196743425004252,0.0522628503609477,0.020295416110905184,0.6348778557627969
province,Jiangsu,36,0.0231398809381925,0.02715005375003423,0.004010172811841729,0.17330135892025772
province,Jiangxi,36,0.04588135097812754,0.06409131834940508,0.018209967371277544,0.39689257144931417
province,Jilin,36,8.691666711940211e-4,0.00189339970871599,0.0010242330375219689,1.1784080907231804
province,Liaoning,36,0.00176311331059691,0.00372025303928991,0.001957139728693,1.1100476168661002
province,Neimenggu,36,0.00165877648365775,0.00322689142754186,0.00156811494388411,0.945344330193467
province,Ningxia,36,0.00380053312177335,0.00601976708570826,0.0022192339639349095,0.5839270157181007
province,Qinghai,36,0,0,0,NA
province,Shaanxi,36,0.0111851576130828,0.01179177612359178,6.066185105089803e-4,0.05423423893458995
province,Shandong,36,0.01588000918281438,0.02816494117541498,0.012284931992600601,0.7736098796400929
province,Shanghai,36,0.01315944592176058,0.01660472928820003,0.0034452833664394486,0.26181067097531036
province,Shanxi,36,0.00455755008601253,0.00636701671195891,0.0018094666259463798,0.3970261635741034
province,Sichuan_Chongqing,36,0.02354070603314339,NA,NA,NA
province,Tianjin,36,0.01370058079812285,0.02704640725604703,0.01334582645792418,0.9741066203377834
province,Xinjiang,36,0.01137177624080664,0.02041594022274829,0.009044163981941649,0.7953167377218912
province,Xizang,36,0,0,0,NA
province,Yunnan,36,9.46347257690399e-5,3.548473708533607e-4,2.602126450843208e-4,2.749652867588806
province,Zhejiang,36,0.03167136881271802,0.032581271055107,9.099022423889741e-4,0.028729489014809862
province,Anhui,37,0.02216169395453381,0.02752391020677838,0.005362216252244572,0.24195877189015946
province,Beijing,37,0.00198543561571594,0.0107810395443547,0.008795603928638759,4.430062530870385
province,Fujian,37,0.01250803518078845,0.02099824086818038,0.008490205687391929,0.6787801253095568
province,Gansu,37,3.6985569451204216e-4,6.374933044107688e-4,2.676376098987266e-4,0.7236271169268493
province,Guangdong,37,0.02452182387281568,0.03855986292719757,0.01403803905438189,0.5724712454991626
province,Guangxi,37,0.02117435551937692,0.03444287641889988,0.013268520899522959,0.6266316293490382
province,Guizhou,37,8.48918875954959e-4,0.00100340683957532,1.5448796362036094e-4,0.1819820102911195
province,Hainan,37,0.02177344885143436,0.04664049120927257,0.02486704235783821,1.1420810055178765
province,Hebei,37,0.01271996019242636,0.02323149708702621,0.01051153689459985,0.8263812728642471
province,Heilongjiang,37,5.739808263084414e-4,6.43131078094129e-4,6.91502517856876e-5,0.12047484622513883
province,Henan,37,0.01614637260974636,0.02986376108265439,0.01371738847290803,0.8495647167604609
province,Hubei,37,0.02237734367582708,0.03114947718650996,0.00877213351068288,0.39200959853688516
province,Hunan,37,0.02241853572403736,0.03791940834678315,0.015500872622745791,0.6914310913770167
province,Jiangsu,37,0.01561661011632206,0.01841387507769009,0.002797264961368031,0.17912113707983304
province,Jiangxi,37,0.0340676421998379,0.04799403922134776,0.013926397021509863,0.40878664099554646
province,Jilin,37,3.94108810572087e-4,6.050418692769412e-4,2.109330587048542e-4,0.5352152833088519
province,Liaoning,37,7.247957336137616e-4,0.00189950122130546,0.0011747054876916983,1.6207400695292866
province,Neimenggu,37,8.379701059547775e-4,0.00178971740374367,9.517472977888925e-4,1.1357771488810786
province,Ningxia,37,0.00217656039310368,0.0032608450550855,0.00108428466198182,0.49816428959073245
province,Qinghai,37,0,0,0,NA
province,Shaanxi,37,0.00758491274811364,0.00727722736229661,-3.076853858170296e-4,-0.04056544828331093
province,Shandong,37,0.0088559514361624,0.01926584289376214,0.010409891457599739,1.1754684443155343
province,Shanghai,37,0.00899028647624752,0.0103031862417045,0.00131289976545698,0.1460353648268809
province,Shanxi,37,0.00278509127837143,0.00375064610496839,9.655548265969601e-4,0.3466869592732214
province,Sichuan_Chongqing,37,0.01550119572160989,NA,NA,NA
province,Tianjin,37,0.00700908095106721,0.01725366436843325,0.01024458341736604,1.4616157936949195
province,Xinjiang,37,0.00760167633680167,0.014433045289793,0.006831368952991331,0.8986661165668047
province,Xizang,37,0,0,0,NA
province,Yunnan,37,1.629985108328626e-5,1.1043152993525909e-4,9.413167885197283e-5,5.77500238321163
province,Zhejiang,37,0.02262000469218935,0.0223586408610595,-2.6136383112984954e-4,-0.011554543630138947
province,Anhui,38,0.01543838139471011,0.01779543446839734,0.0023570530736872312,0.1526748830350094
province,Beijing,38,8.74099203215464e-4,0.0062826688015582,0.005408569598342736,6.1875924133631
province,Fujian,38,0.00623940458861856,0.01082171404073127,0.004582309452112711,0.7344145402065136
province,Gansu,38,1.837819928923237e-4,3.0764320019382015e-4,1.2386120730149646e-4,0.6739572542020789
province,Guangdong,38,0.01309056067951605,0.02290753375440615,0.009816973074890099,0.7499276245861324
province,Guangxi,38,0.01196120581087882,0.02007700910949506,0.008115803298616239,0.6785104634881247
province,Guizhou,38,3.015098481439051e-4,3.5298376674546987e-4,5.147391860156478e-5,0.17072052179535188
province,Hainan,38,0.01025766223382722,0.02864070494288737,0.018383042709060146,1.7921279030262316
province,Hebei,38,0.00715376250452776,0.01508911966039341,0.00793535715586565,1.1092564438424122
province,Heilongjiang,38,2.501624732450607e-4,1.9056114100818672e-4,-5.9601332236874e-5,-0.2382504916254492
province,Henan,38,0.00995244246993241,0.01989351691560417,0.00994107444567176,0.9988577653882457
province,Hubei,38,0.01522391059711545,0.02053631974465124,0.0053124091475357915,0.3489516779310541
province,Hunan,38,0.01501295735031537,0.02567174805287096,0.010658790702555588,0.70997275578963015
province,Jiangsu,38,0.01020966745090353,0.01153024822868875,0.00132058077778522,0.12934611084402675
province,Jiangxi,38,0.02417792093130616,0.03353918103742281,0.00936126010611665,0.3871821788446443
province,Jilin,38,1.3522426092384116e-4,1.5255752986471932e-4,1.7333268940878158e-5,0.12818165041138826
province,Liaoning,38,2.1763462936651325e-4,7.572355126520363e-4,5.39600883285523e-4,2.4793888953067027
province,Neimenggu,38,3.910523532822507e-4,9.679419171713912e-4,5.768895638891405e-4,1.4752233532085604
province,Ningxia,38,0.0011200754963721,0.00161930528233642,4.9922978596432e-4,0.44571083608320544
province,Qinghai,38,0,0,0,NA
province,Shaanxi,38,0.00487336762216478,0.00418067769857469,-6.926899235900896e-4,-0.1421378351265018
province,Shandong,38,0.0043863955814097,0.01216134148521792,0.00777494590380822,1.772513618415945
province,Shanghai,38,0.00549272034783969,0.00597441861521515,4.8169826737546034e-4,0.08769757731520308
province,Shanxi,38,0.00167061024444895,0.00221775672606369,5.471464816147401e-4,0.32751294530413716
province,Sichuan_Chongqing,38,0.009497568233625,NA,NA,NA
province,Tianjin,38,0.00306500028362711,0.00997018922696607,0.00690518894333896,2.2529162493803705
province,Xinjiang,38,0.00471976580450425,0.00996362360710574,0.005243857802601491,1.1110419499198627
province,Xizang,38,0,0,0,NA
province,Yunnan,38,1.8179584522930347e-6,3.212841864274576e-5,3.0310460190452727e-5,16.672801379053197
province,Zhejiang,38,0.01509282418863854,0.01404976358236769,-0.0010430606062708497,-0.06910970360709805
province,Anhui,39,0.0100233306084991,0.01116785069209316,0.00114452008359406,0.11418560639151074
province,Beijing,39,3.4500986317555053e-4,0.00333896173474867,0.0029939518715731196,8.677873275900273
province,Fujian,39,0.00269700010746022,0.00475514353729384,0.00205814342983362,0.7631232287090212
province,Gansu,39,1.026845895251888e-4,1.3046535766350333e-4,2.778076813831452e-5,0.2705446675764314
province,Guangdong,39,0.00583462829217001,0.01178271675957971,0.0059480884674097,1.019445998880846
province,Guangxi,39,0.00577516900431645,0.01039571907052765,0.004620550066211199,0.8000718356047639
province,Guizhou,39,9.152467167008806e-5,9.91691953020743e-5,7.644523631986238e-6,0.08352418525511748
province,Hainan,39,0.00379681246629252,0.01530682815602882,0.0115100156897363,3.031494389549217
province,Hebei,39,0.00344086305650916,0.00910894838232986,0.005668085325820699,1.6472859374912499
province,Heilongjiang,39,4.211927773204556e-5,3.3474691381629395e-5,-8.644586350416165e-6,-0.2052406122776202
province,Henan,39,0.00555714243747023,0.01237965419413198,0.00682251175666175,1.2277014371018267
province,Hubei,39,0.00957187193856122,0.01265184183952794,0.0030799699009667215,0.32177299495188216
province,Hunan,39,0.00939983605424793,0.01622764706269565,0.006827811008447718,0.7263755419821524
province,Jiangsu,39,0.00618831113052346,0.00684061463219139,6.523035016679293e-4,0.10540896989656562
province,Jiangxi,39,0.01625765590669826,0.02110914231608687,0.004851486409388608,0.29841241795440904
province,Jilin,39,3.178628706873196e-5,4.4601664842132176e-5,1.2815377773400214e-5,0.4031731590949686
province,Liaoning,39,2.389381592222571e-5,2.845883867146729e-4,2.6069457079244717e-4,10.91054570944244
province,Neimenggu,39,1.687812183371151e-4,4.882999623258498e-4,3.1951874398873474e-4,1.893094191028673
province,Ningxia,39,4.6023273250873496e-4,7.283333573575455e-4,2.6810062484881056e-4,0.5825327185821625
province,Qinghai,39,0,0,0,NA
province,Shaanxi,39,0.00312133269676209,0.0023845177786831,-7.368149180789901e-4,-0.2360577963519634
province,Shandong,39,0.00189909344960617,0.00691621372442589,0.00501712027481972,2.641850128997159
province,Shanghai,39,0.00285157906873124,0.0032148343916748,3.632553229435602e-4,0.12738742787349197
province,Shanxi,39,9.77847632826659e-4,0.00120661910907132,2.2877147624466112e-4,0.23395411367244673
province,Sichuan_Chongqing,39,0.00506532988647751,NA,NA,NA
province,Tianjin,39,0.00100499856358275,0.00574705480855896,0.00474205624497621,4.7184706693222624
province,Xinjiang,39,0.00274477172572131,0.00643886208239933,0.0036940903566780197,1.3458643289205534
province,Xizang,39,0,0,0,NA
province,Yunnan,39,0,8.946359741954228e-6,8.946359741954228e-6,Inf
province,Zhejiang,39,0.00925982297785606,0.00783768973832589,-0.001422133239530169,-0.15358103960853878
province,Anhui,40,0.00589011346464389,0.00646666433446952,5.765508698256303e-4,0.09788450991418854
province,Beijing,40,1.247473718889012e-4,0.00168085419315578,0.001556106821266879,12.474064965895495
province,Fujian,40,9.419003168224966e-4,0.00182899582305333,8.870955062308335e-4,0.9418146383297255
province,Gansu,40,5.4081076669887466e-5,4.6793059927793147e-5,-7.288016742094319e-6,-0.13476094025606397
province,Guangdong,40,0.00195671904745788,0.00482181075887342,0.00286509171141554,1.4642325453609677
province,Guangxi,40,0.00231152518135402,0.00435890996380166,0.0020473847824476403,0.8857289546153011
province,Guizhou,40,2.6391696167924416e-5,3.3847269006074736e-5,7.45557283815032e-6,0.28249691837584784
province,Hainan,40,0.0010637462508226,0.00721227281780231,0.006148526566979709,5.7800688483978435
province,Hebei,40,0.00147510990036247,0.00528460802305367,0.0038094981226912,2.5825181715308902
province,Heilongjiang,40,5.094453282205624e-7,1.5841671484425123e-6,1.0747218202219498e-6,2.1095920615777106
province,Henan,40,0.00273936548041062,0.00710440296146774,0.00436503748105712,1.593448377834862
province,Hubei,40,0.00534325012165164,0.00672650766520649,0.0013832575435548502,0.258879429572216
province,Hunan,40,0.00542448153234852,0.00937541282001557,0.00395093128766705,0.728351873650218
province,Jiangsu,40,0.00329057472634982,0.00368904945822946,3.9847473187964e-4,0.12109578569627606
province,Jiangxi,40,0.01002452271988788,0.01146828466540007,0.0014437619455121911,0.14402301095571152
province,Jilin,40,3.166723681838341e-6,1.1142133919921186e-5,7.975410238082844e-6,2.518505256338934
province,Liaoning,40,0,9.315035686138415e-5,9.315035686138415e-5,Inf
province,Neimenggu,40,5.766784147123644e-5,2.186478236900696e-4,1.6097998221883318e-4,2.7915035158568706
province,Ningxia,40,1.651478173376011e-4,3.1558038426554526e-4,1.5043256692794416e-4,0.9108964886918518
province,Qinghai,40,0,0,0,NA
province,Shaanxi,40,0.00190041476658875,0.00122714971009447,-6.732650564942799e-4,-0.3542726926410873
province,Shandong,40,7.23798591850837e-4,0.00350848757840097,0.0027846889865501333,3.847325786348051
province,Shanghai,40,0.00105948458622975,0.00157988882813128,5.2040424190153e-4,0.49118623212200274
province,Shanxi,40,5.490594813773866e-4,6.15673699331552e-4,6.661421795416545e-5,0.12132422845527609
province,Sichuan_Chongqing,40,0.00225628687660779,NA,NA,NA
province,Tianjin,40,3.566630169631075e-4,0.00299749046123798,0.002640827444274872,7.404264862560824
province,Xinjiang,40,0.00152214703498319,0.00384989961977666,0.0023277525847934704,1.5292560648184539
province,Xizang,40,0,0,0,NA
province,Yunnan,40,0,2.645486639647904e-6,2.645486639647904e-6,Inf
province,Zhejiang,40,0.00514217823905797,0.00359240831179251,-0.0015497699272654605,-0.3013839379378209
province,Sichuan,-40,NA,0.9999954553294946,NA,NA
province,Sichuan,-39,NA,0.99999080900881,NA,NA
province,Sichuan,-38,NA,0.9999835723856164,NA,NA
province,Sichuan,-37,NA,0.9999706727471676,NA,NA
province,Sichuan,-36,NA,0.9999533360994218,NA,NA
province,Sichuan,-35,NA,0.9999292867498918,NA,NA
province,Sichuan,-34,NA,0.9998948775172222,NA,NA
province,Sichuan,-33,NA,0.9998492884916632,NA,NA
province,Sichuan,-32,NA,0.9997885570184316,NA,NA
province,Sichuan,-31,NA,0.9997122100863176,NA,NA
province,Sichuan,-30,NA,0.9996179925769204,NA,NA
province,Sichuan,-29,NA,0.999508202409796,NA,NA
province,Sichuan,-28,NA,0.9993774216396264,NA,NA
province,Sichuan,-27,NA,0.999226277640694,NA,NA
province,Sichuan,-26,NA,0.9990565291425968,NA,NA
province,Sichuan,-25,NA,0.9988625884453464,NA,NA
province,Sichuan,-24,NA,0.9986463926734264,NA,NA
province,Sichuan,-23,NA,0.9984171391818014,NA,NA
province,Sichuan,-22,NA,0.9981659666199532,NA,NA
province,Sichuan,-21,NA,0.9979023462435764,NA,NA
province,Sichuan,-20,NA,0.9976216111394426,NA,NA
province,Sichuan,-19,NA,0.9973146274467768,NA,NA
province,Sichuan,-18,NA,0.9969862900364872,NA,NA
province,Sichuan,-17,NA,0.9966322564002068,NA,NA
province,Sichuan,-16,NA,0.9962432041777578,NA,NA
province,Sichuan,-15,NA,0.995792215776205,NA,NA
province,Sichuan,-14,NA,0.9952773123342992,NA,NA
province,Sichuan,-13,NA,0.9946823867787244,NA,NA
province,Sichuan,-12,NA,0.9940009030491084,NA,NA
province,Sichuan,-11,NA,0.9931620502484152,NA,NA
province,Sichuan,-10,NA,0.9921010941668972,NA,NA
province,Sichuan,-9,NA,0.9908031721599456,NA,NA
province,Sichuan,-8,NA,0.989098140373536,NA,NA
province,Sichuan,-7,NA,0.986989870964772,NA,NA
province,Sichuan,-6,NA,0.984342058346534,NA,NA
province,Sichuan,-5,NA,0.9810180683369611,NA,NA
province,Sichuan,-4,NA,0.9767141073937256,NA,NA
province,Sichuan,-3,NA,0.9713371134314742,NA,NA
province,Sichuan,-2,NA,0.9645327015286268,NA,NA
province,Sichuan,-1,NA,0.9561317568349064,NA,NA
province,Sichuan,0,NA,0.9459306679177352,NA,NA
province,Sichuan,1,NA,0.9335586551510744,NA,NA
province,Sichuan,2,NA,0.9186643299525872,NA,NA
province,Sichuan,3,NA,0.9010806319110196,NA,NA
province,Sichuan,4,NA,0.880773134777834,NA,NA
province,Sichuan,5,NA,0.8581574294479655,NA,NA
province,Sichuan,6,NA,0.833375850718739,NA,NA
province,Sichuan,7,NA,0.8069057414490083,NA,NA
province,Sichuan,8,NA,0.7793322787094007,NA,NA
province,Sichuan,9,NA,0.7507847959470877,NA,NA
province,Sichuan,10,NA,0.7220257204401812,NA,NA
province,Sichuan,11,NA,0.6926909648072384,NA,NA
province,Sichuan,12,NA,0.66265348020245,NA,NA
province,Sichuan,13,NA,0.6314823377288946,NA,NA
province,Sichuan,14,NA,0.5986822745414551,NA,NA
province,Sichuan,15,NA,0.5651565115499613,NA,NA
province,Sichuan,16,NA,0.5309231032372048,NA,NA
province,Sichuan,17,NA,0.4970595356198933,NA,NA
province,Sichuan,18,NA,0.4634941013495683,NA,NA
province,Sichuan,19,NA,0.4303233685127033,NA,NA
province,Sichuan,20,NA,0.3974257463889804,NA,NA
province,Sichuan,21,NA,0.3647585079411657,NA,NA
province,Sichuan,22,NA,0.33252281264939465,NA,NA
province,Sichuan,23,NA,0.29951106828283375,NA,NA
province,Sichuan,24,NA,0.2666179882209402,NA,NA
province,Sichuan,25,NA,0.2340266996327532,NA,NA
province,Sichuan,26,NA,0.2023308070460442,NA,NA
province,Sichuan,27,NA,0.17302047266098364,NA,NA
province,Sichuan,28,NA,0.1469889783645104,NA,NA
province,Sichuan,29,NA,0.12475977244404532,NA,NA
province,Sichuan,30,NA,0.10603234764100052,NA,NA
province,Sichuan,31,NA,0.08943612609192164,NA,NA
province,Sichuan,32,NA,0.07437195142808983,NA,NA
province,Sichuan,33,NA,0.06011374827403365,NA,NA
province,Sichuan,34,NA,0.04727592968851763,NA,NA
province,Sichuan,35,NA,0.03587259249336001,NA,NA
province,Sichuan,36,NA,0.02584660077279033,NA,NA
province,Sichuan,37,NA,0.01737728778671979,NA,NA
province,Sichuan,38,NA,0.01061292100525783,NA,NA
province,Sichuan,39,NA,0.00589137401596795,NA,NA
province,Sichuan,40,NA,0.00264599962735781,NA,NA
